0,1,296,,,,,,,,,,,,,[1.78053817e+08 1.75260400e+06 1.30174000e+05 1.66292600e+06
 1.38417010e+07 1.75424000e+05 8.25210000e+04 9.20920000e+04
 8.16762000e+05],,,,,,,
0,2,592,,,,,,,,,,,,,[1.77926664e+08 1.85538000e+06 1.54551000e+05 1.59040400e+06
 1.38832630e+07 2.06384000e+05 7.13260000e+04 7.70450000e+04
 8.43004000e+05],,,,,,,
0,3,888,,,,,,,,,,,,,[1.77510116e+08 2.24387800e+06 1.82601000e+05 1.40297000e+06
 1.41306970e+07 1.46384000e+05 5.54250000e+04 1.07645000e+05
 8.28305000e+05],,,,,,,
0,4,1184,,,,,,,,,,,,,[1.77651201e+08 2.12242500e+06 1.62969000e+05 1.44667300e+06
 1.40908850e+07 1.42493000e+05 6.02340000e+04 1.06872000e+05
 8.24269000e+05],,,,,,,
0,5,1480,,,,,,,,,,,,,[1.77597635e+08 2.13565900e+06 2.03301000e+05 1.43686100e+06
 1.40511970e+07 1.91993000e+05 4.82950000e+04 7.61970000e+04
 8.66883000e+05],,,,,,,
0,6,1776,,,,,,,,,,,,,[1.77839917e+08 1.92977800e+06 1.66900000e+05 1.54048200e+06
 1.39480900e+07 1.91479000e+05 6.09520000e+04 7.73080000e+04
 8.53115000e+05],,,,,,,
0,7,2072,,,,,,,,,,,,,[1.77791178e+08 1.97094400e+06 1.74473000e+05 1.52500100e+06
 1.39674170e+07 1.87633000e+05 5.69520000e+04 7.69880000e+04
 8.57435000e+05],,,,,,,
0,8,2368,,,,,,,,,,,,,[1.77779215e+08 2.01159200e+06 1.45788000e+05 1.49972500e+06
 1.40079800e+07 1.72346000e+05 6.66140000e+04 8.72890000e+04
 8.37472000e+05],,,,,,,
0,9,2664,,,,,,,,,,,,,[1.77879035e+08 1.95599100e+06 1.01569000e+05 1.53212900e+06
 1.40314810e+07 1.16441000e+05 8.84570000e+04 1.22382000e+05
 7.80536000e+05],,,,,,,
0,10,2960,,,,,,,,,,,,,[1.77911091e+08 1.87152300e+06 1.53981000e+05 1.56834300e+06
 1.39321800e+07 1.79528000e+05 6.65740000e+04 7.94510000e+04
 8.45350000e+05],,,,,,,
0,11,3256,,,,,,,,,,,,,[1.7777715e+08 1.9987790e+06 1.6066600e+05 1.5100090e+06 1.3992276e+07
 1.7776600e+05 6.1017000e+04 8.2806000e+04 8.4755200e+05],,,,,,,
0,12,3552,,,,,,,,,,,,,[1.77900977e+08 1.87523700e+06 1.60381000e+05 1.55895800e+06
 1.39026990e+07 2.18394000e+05 6.43030000e+04 6.63290000e+04
 8.60743000e+05],,,,,,,
0,13,3848,,,,,,,,,,,,,[1.77818892e+08 1.97524600e+06 1.42457000e+05 1.51835000e+06
 1.39963470e+07 1.65354000e+05 6.76740000e+04 8.80500000e+04
 8.35651000e+05],,,,,,,
0,14,4144,,,,,,,,,,,,,[1.7784524e+08 1.9081070e+06 1.8324800e+05 1.5436640e+06 1.3892628e+07
 2.4375900e+05 5.8890000e+04 5.4963000e+04 8.7752200e+05],,,,,,,
0,15,4440,,,,,,,,,,,,,[1.77918822e+08 1.87282300e+06 1.44950000e+05 1.57207100e+06
 1.39454420e+07 1.62538000e+05 6.47090000e+04 8.98380000e+04
 8.36828000e+05],,,,,,,
0,16,4736,,,,,,,,,,,,,[1.77514652e+08 2.23395100e+06 1.87992000e+05 1.39291300e+06
 1.41129420e+07 1.74196000e+05 5.26640000e+04 8.42900000e+04
 8.54421000e+05],,,,,,,
0,17,5032,,,,,,,,,,,,,[1.77760622e+08 2.00334700e+06 1.72626000e+05 1.50335300e+06
 1.39938990e+07 1.82799000e+05 5.79870000e+04 7.74930000e+04
 8.55895000e+05],,,,,,,
0,18,5328,,,,,,,,,,,,,[1.77744687e+08 2.02858900e+06 1.63319000e+05 1.49392400e+06
 1.40118840e+07 1.74243000e+05 5.92470000e+04 8.24650000e+04
 8.49663000e+05],,,,,,,
0,19,5624,,,,,,,,,,,,,[1.77833182e+08 1.98098300e+06 1.22430000e+05 1.50954400e+06
 1.40496420e+07 1.20865000e+05 7.67310000e+04 1.17821000e+05
 7.96823000e+05],,,,,,,
0,20,5920,,,,,,,,,,,,,[1.77807583e+08 2.00108200e+06 1.27930000e+05 1.50547300e+06
 1.40505940e+07 1.23984000e+05 7.30230000e+04 1.17171000e+05
 8.01181000e+05],,,,,,,
0,21,6216,,,,,,,,,,,,,[1.78092598e+08 1.74794700e+06 9.60500000e+04 1.64721300e+06
 1.39022260e+07 1.30612000e+05 9.33190000e+04 1.07559000e+05
 7.90497000e+05],,,,,,,
0,22,6512,,,,,,,,,,,,,[1.77807851e+08 1.97474600e+06 1.53998000e+05 1.52200500e+06
 1.40142160e+07 1.43830000e+05 6.18850000e+04 1.00936000e+05
 8.28554000e+05],,,,,,,
0,23,6808,,,,,,,,,,,,,[1.77699728e+08 2.06274100e+06 1.74126000e+05 1.46695300e+06
 1.40738270e+07 1.39271000e+05 5.35970000e+04 1.05602000e+05
 8.32176000e+05],,,,,,,
0,24,7104,,,,,,,,,,,,,[1.77864196e+08 1.91502300e+06 1.57376000e+05 1.53728000e+06
 1.39466860e+07 1.96085000e+05 6.21720000e+04 7.12530000e+04
 8.57950000e+05],,,,,,,
0,25,7400,,,,,,,,,,,,,[1.78008585e+08 1.76523000e+06 1.62780000e+05 1.62570300e+06
 1.38335670e+07 2.20781000e+05 6.41290000e+04 6.14790000e+04
 8.65767000e+05],,,,,,,
0,26,7696,,,,,,,,,,,,,[1.7762549e+08 2.1759330e+06 1.3517200e+05 1.4218970e+06 1.4147303e+07
 1.1085100e+05 6.7940000e+04 1.2848900e+05 7.9494600e+05],,,,,,,
0,27,7992,,,,,,,,,,,,,[1.7779263e+08 1.9827890e+06 1.6117600e+05 1.5153120e+06 1.3997792e+07
 1.6694700e+05 6.0034000e+04 8.5530000e+04 8.4581100e+05],,,,,,,
0,28,8288,,,,,,,,,,,,,[1.77965575e+08 1.80878100e+06 1.62239000e+05 1.59745900e+06
 1.38874060e+07 1.95186000e+05 6.13750000e+04 7.21440000e+04
 8.57856000e+05],,,,,,,
0,29,8584,,,,,,,,,,,,,[1.77845092e+08 1.97822900e+06 1.13274000e+05 1.52444700e+06
 1.40549550e+07 1.00649000e+05 7.58910000e+04 1.34238000e+05
 7.81246000e+05],,,,,,,
0,30,8880,,,,,,,,,,,,,[1.77535818e+08 2.24060700e+06 1.60170000e+05 1.39112100e+06
 1.41516690e+07 1.37261000e+05 5.96660000e+04 1.05502000e+05
 8.26207000e+05],,,,,,,
0,31,9176,,,,,,,,,,,,,[1.77900094e+08 1.87009200e+06 1.66409000e+05 1.56271500e+06
 1.39343990e+07 1.82937000e+05 6.26250000e+04 7.82040000e+04
 8.50546000e+05],,,,,,,
0,32,9472,,,,,,,,,,,,,[1.77765386e+08 2.03267900e+06 1.38530000e+05 1.48555500e+06
 1.40314870e+07 1.63009000e+05 7.06360000e+04 8.72270000e+04
 8.33512000e+05],,,,,,,
0,33,9768,,,,,,,,,,,,,[1.77911157e+08 1.87402400e+06 1.51414000e+05 1.57067900e+06
 1.39114510e+07 1.97921000e+05 6.75510000e+04 6.96110000e+04
 8.54213000e+05],,,,,,,
0,34,10064,,,,,,,,,,,,,[1.77752806e+08 2.03830500e+06 1.45484000e+05 1.49105200e+06
 1.40588400e+07 1.30159000e+05 6.48720000e+04 1.08944000e+05
 8.17559000e+05],,,,,,,
0,35,10360,,,,,,,,,,,,,[1.78078355e+08 1.71323500e+06 1.45005000e+05 1.65929100e+06
 1.38011010e+07 2.19659000e+05 7.22580000e+04 5.95770000e+04
 8.59540000e+05],,,,,,,
0,36,10656,,,,,,,,,,,,,[1.77786889e+08 1.98741300e+06 1.62293000e+05 1.51450300e+06
 1.40208480e+07 1.44700000e+05 6.10220000e+04 9.99990000e+04
 8.30354000e+05],,,,,,,
0,37,10952,,,,,,,,,,,,,[1.77892476e+08 1.89244000e+06 1.51679000e+05 1.54928000e+06
 1.39546890e+07 1.76082000e+05 6.31430000e+04 7.96660000e+04
 8.48566000e+05],,,,,,,
0,38,11248,,,,,,,,,,,,,[1.77704414e+08 2.06325000e+06 1.68931000e+05 1.47670000e+06
 1.40560360e+07 1.47315000e+05 5.66620000e+04 9.77250000e+04
 8.36988000e+05],,,,,,,
0,39,11544,,,,,,,,,,,,,[1.7773863e+08 2.0536480e+06 1.4431700e+05 1.4767660e+06 1.4051583e+07
 1.5170200e+05 6.5398000e+04 9.2063000e+04 8.3391400e+05],,,,,,,
0,40,11840,,,,,,,,,,,,,[1.7778148e+08 2.0215050e+06 1.3361000e+05 1.4942150e+06 1.4039032e+07
 1.4680400e+05 7.0503000e+04 9.5347000e+04 8.2552500e+05],,,,,,,
0,41,12136,,,,,,,,,,,,,[1.77842304e+08 1.93319200e+06 1.61099000e+05 1.53841300e+06
 1.39519680e+07 1.89670000e+05 6.44460000e+04 7.38930000e+04
 8.53036000e+05],,,,,,,
0,42,12432,,,,,,,,,,,,,[1.77830378e+08 1.93226400e+06 1.73953000e+05 1.53235100e+06
 1.39744110e+07 1.73289000e+05 5.73370000e+04 8.29670000e+04
 8.51071000e+05],,,,,,,
0,43,12728,,,,,,,,,,,,,[1.77836412e+08 1.94655800e+06 1.53625000e+05 1.52739600e+06
 1.40011590e+07 1.51496000e+05 6.16870000e+04 9.31160000e+04
 8.36572000e+05],,,,,,,
0,44,13024,,,,,,,,,,,,,[1.77939993e+08 1.86577100e+06 1.30831000e+05 1.57061700e+06
 1.39493680e+07 1.60066000e+05 7.28110000e+04 8.79800000e+04
 8.30584000e+05],,,,,,,
0,45,13320,,,,,,,,,,,,,[1.77705715e+08 2.09247400e+06 1.38406000e+05 1.46736000e+06
 1.40796130e+07 1.33078000e+05 6.49390000e+04 1.05885000e+05
 8.20551000e+05],,,,,,,
0,46,13616,,,,,,,,,,,,,[1.77893451e+08 1.90531300e+06 1.37831000e+05 1.54400800e+06
 1.39720550e+07 1.63988000e+05 6.91950000e+04 8.50670000e+04
 8.37113000e+05],,,,,,,
0,47,13912,,,,,,,,,,,,,[1.77929906e+08 1.86138400e+06 1.45305000e+05 1.57148600e+06
 1.39300170e+07 1.78548000e+05 6.75350000e+04 7.79380000e+04
 8.45902000e+05],,,,,,,
0,48,14208,,,,,,,,,,,,,[1.77753304e+08 2.03758300e+06 1.45708000e+05 1.48021600e+06
 1.40569210e+07 1.42914000e+05 6.48480000e+04 9.81690000e+04
 8.28358000e+05],,,,,,,
0,49,14504,,,,,,,,,,,,,[1.78010833e+08 1.79025500e+06 1.35507000e+05 1.61646300e+06
 1.39009610e+07 1.62627000e+05 6.97610000e+04 8.84990000e+04
 8.33115000e+05],,,,,,,
0,50,14800,,,,,,,,,,,,,[1.77780052e+08 2.01791300e+06 1.38630000e+05 1.49751300e+06
 1.40602530e+07 1.22285000e+05 6.78050000e+04 1.20343000e+05
 8.03227000e+05],,,,,,,
0,51,15096,,,,,,,,,,,,,[1.77903952e+08 1.90594600e+06 1.26697000e+05 1.54524600e+06
 1.39621380e+07 1.72667000e+05 7.70190000e+04 8.05640000e+04
 8.33792000e+05],,,,,,,
0,52,15392,,,,,,,,,,,,,[1.77682316e+08 2.10458000e+06 1.49699000e+05 1.45200600e+06
 1.40780100e+07 1.50035000e+05 6.37520000e+04 9.44000000e+04
 8.33223000e+05],,,,,,,
0,53,15688,,,,,,,,,,,,,[1.77912535e+08 1.84899400e+06 1.75066000e+05 1.56287800e+06
 1.39159180e+07 2.01255000e+05 5.85220000e+04 6.88200000e+04
 8.64033000e+05],,,,,,,
0,54,15984,,,,,,,,,,,,,[1.77712904e+08 2.05261700e+06 1.71074000e+05 1.47183000e+06
 1.40279120e+07 1.80309000e+05 5.56240000e+04 7.72350000e+04
 8.58516000e+05],,,,,,,
0,55,16280,,,,,,,,,,,,,[1.77835574e+08 1.93796000e+06 1.63061000e+05 1.53233400e+06
 1.39979370e+07 1.49780000e+05 5.82380000e+04 9.69480000e+04
 8.36189000e+05],,,,,,,
0,56,16576,,,,,,,,,,,,,[1.77619235e+08 2.17187000e+06 1.45490000e+05 1.42015400e+06
 1.41429840e+07 1.16913000e+05 6.37060000e+04 1.20622000e+05
 8.07047000e+05],,,,,,,
0,57,16872,,,,,,,,,,,,,[1.78007339e+08 1.78209400e+06 1.47162000e+05 1.61659700e+06
 1.38676110e+07 1.95843000e+05 6.79530000e+04 6.92160000e+04
 8.54206000e+05],,,,,,,
0,58,17168,,,,,,,,,,,,,[1.77876267e+08 1.93354800e+06 1.26780000e+05 1.52613300e+06
 1.40069970e+07 1.46921000e+05 7.47860000e+04 9.65370000e+04
 8.20052000e+05],,,,,,,
0,59,17464,,,,,,,,,,,,,[1.77729045e+08 2.07369800e+06 1.33852000e+05 1.46632900e+06
 1.40793410e+07 1.34381000e+05 6.90670000e+04 1.04427000e+05
 8.17881000e+05],,,,,,,
0,60,17760,,,,,,,,,,,,,[1.77882242e+08 1.86524800e+06 1.89105000e+05 1.56937000e+06
 1.38605630e+07 2.50118000e+05 5.34820000e+04 5.24620000e+04
 8.85431000e+05],,,,,,,
0,61,18056,,,,,,,,,,,,,[1.77711623e+08 2.09659600e+06 1.28376000e+05 1.45957400e+06
 1.40939760e+07 1.26501000e+05 7.66910000e+04 1.12171000e+05
 8.02513000e+05],,,,,,,
0,62,18352,,,,,,,,,,,,,[1.77585951e+08 2.22576800e+06 1.24876000e+05 1.40781100e+06
 1.41926930e+07 7.95470000e+04 7.14330000e+04 1.64805000e+05
 7.55137000e+05],,,,,,,
0,63,18648,,,,,,,,,,,,,[1.77826057e+08 1.95373200e+06 1.56806000e+05 1.51841500e+06
 1.39939880e+07 1.67648000e+05 6.16250000e+04 8.19910000e+04
 8.47759000e+05],,,,,,,
0,64,18944,,,,,,,,,,,,,[1.77889823e+08 1.89217400e+06 1.54598000e+05 1.55302000e+06
 1.39594790e+07 1.67552000e+05 6.39050000e+04 8.49080000e+04
 8.42562000e+05],,,,,,,
0,65,19240,,,,,,,,,,,,,[1.77773564e+08 1.99916000e+06 1.63871000e+05 1.49072000e+06
 1.40163480e+07 1.72983000e+05 5.68680000e+04 8.00080000e+04
 8.54499000e+05],,,,,,,
0,66,19536,,,,,,,,,,,,,[1.77554219e+08 2.23019500e+06 1.52181000e+05 1.40080500e+06
 1.41490970e+07 1.30149000e+05 5.84600000e+04 1.09830000e+05
 8.23085000e+05],,,,,,,
0,67,19832,,,,,,,,,,,,,[1.77850686e+08 1.89815100e+06 1.87758000e+05 1.54622200e+06
 1.38913240e+07 2.42505000e+05 5.22710000e+04 5.79450000e+04
 8.81159000e+05],,,,,,,
0,68,20128,,,,,,,,,,,,,[1.7777167e+08 1.9889640e+06 1.7596100e+05 1.5038910e+06 1.4001424e+07
 1.7473600e+05 5.4601000e+04 8.0159000e+04 8.5661500e+05],,,,,,,
0,69,20424,,,,,,,,,,,,,[1.77896733e+08 1.91062200e+06 1.29240000e+05 1.55054600e+06
 1.39907760e+07 1.38729000e+05 7.56350000e+04 9.96850000e+04
 8.16055000e+05],,,,,,,
0,70,20720,,,,,,,,,,,,,[1.77832364e+08 1.96649100e+06 1.37740000e+05 1.51336200e+06
 1.40154730e+07 1.51216000e+05 6.78910000e+04 9.27260000e+04
 8.30758000e+05],,,,,,,
0,71,21016,,,,,,,,,,,,,[1.77829106e+08 1.95915900e+06 1.48330000e+05 1.52108800e+06
 1.39954980e+07 1.63465000e+05 6.52780000e+04 8.63390000e+04
 8.39758000e+05],,,,,,,
0,72,21312,,,,,,,,,,,,,[1.77778096e+08 2.01441000e+06 1.44089000e+05 1.48707400e+06
 1.40542320e+07 1.38745000e+05 6.54160000e+04 1.00879000e+05
 8.25080000e+05],,,,,,,
0,73,21608,,,,,,,,,,,,,[1.77684305e+08 2.09829900e+06 1.53991000e+05 1.45298700e+06
 1.40756310e+07 1.51433000e+05 6.03880000e+04 9.39180000e+04
 8.37069000e+05],,,,,,,
0,74,21904,,,,,,,,,,,,,[1.77863261e+08 1.88026600e+06 1.93068000e+05 1.56065500e+06
 1.38723230e+07 2.47073000e+05 5.23970000e+04 5.27650000e+04
 8.86213000e+05],,,,,,,
0,75,22200,,,,,,,,,,,,,[1.77673935e+08 2.11354700e+06 1.49113000e+05 1.44363700e+06
 1.41070700e+07 1.29344000e+05 6.43940000e+04 1.09630000e+05
 8.17351000e+05],,,,,,,
0,76,22496,,,,,,,,,,,,,[1.77911891e+08 1.88434800e+06 1.40356000e+05 1.55203500e+06
 1.39604880e+07 1.67528000e+05 6.99770000e+04 8.23240000e+04
 8.39074000e+05],,,,,,,
0,77,22792,,,,,,,,,,,,,[1.77939687e+08 1.83889200e+06 1.58016000e+05 1.57604700e+06
 1.39149050e+07 1.89099000e+05 6.19170000e+04 7.22020000e+04
 8.57256000e+05],,,,,,,
0,78,23088,,,,,,,,,,,,,[1.77855783e+08 1.96071800e+06 1.20094000e+05 1.52453100e+06
 1.40351920e+07 1.20328000e+05 7.93180000e+04 1.15898000e+05
 7.96159000e+05],,,,,,,
0,79,23384,,,,,,,,,,,,,[1.77769475e+08 2.00973600e+06 1.57384000e+05 1.48689200e+06
 1.40389880e+07 1.54171000e+05 6.36530000e+04 9.15630000e+04
 8.36159000e+05],,,,,,,
0,80,23680,,,,,,,,,,,,,[1.77867276e+08 1.93594300e+06 1.33376000e+05 1.52628000e+06
 1.40093730e+07 1.44398000e+05 7.25110000e+04 9.70380000e+04
 8.21826000e+05],,,,,,,
0,81,23976,,,,,,,,,,,,,[1.7776362e+08 2.0485230e+06 1.2445200e+05 1.4770130e+06 1.4093103e+07
 1.0993500e+05 7.1648000e+04 1.2390900e+05 7.9581800e+05],,,,,,,
0,82,24272,,,,,,,,,,,,,[1.77962836e+08 1.83255800e+06 1.41201000e+05 1.58569000e+06
 1.39235550e+07 1.70806000e+05 6.88280000e+04 8.03920000e+04
 8.42155000e+05],,,,,,,
0,83,24568,,,,,,,,,,,,,[1.77802538e+08 1.99299100e+06 1.41066000e+05 1.51053000e+06
 1.40284260e+07 1.41095000e+05 6.55600000e+04 9.93690000e+04
 8.26446000e+05],,,,,,,
0,84,24864,,,,,,,,,,,,,[1.77898661e+08 1.88583000e+06 1.52104000e+05 1.54743400e+06
 1.39784110e+07 1.54206000e+05 6.24960000e+04 9.14570000e+04
 8.37422000e+05],,,,,,,
0,85,25160,,,,,,,,,,,,,[1.77941338e+08 1.84993300e+06 1.45324000e+05 1.57137200e+06
 1.39304610e+07 1.78218000e+05 6.64740000e+04 7.57750000e+04
 8.49126000e+05],,,,,,,
0,86,25456,,,,,,,,,,,,,[1.77939924e+08 1.83588000e+06 1.60791000e+05 1.56549300e+06
 1.39032680e+07 2.11290000e+05 6.46280000e+04 6.34230000e+04
 8.63324000e+05],,,,,,,
0,87,25752,,,,,,,,,,,,,[1.77975965e+08 1.79655400e+06 1.64076000e+05 1.59425900e+06
 1.38517980e+07 2.33994000e+05 6.16670000e+04 5.47670000e+04
 8.74941000e+05],,,,,,,
0,88,26048,,,,,,,,,,,,,[1.77603299e+08 2.15926200e+06 1.74034000e+05 1.42128300e+06
 1.40979950e+07 1.60773000e+05 5.30840000e+04 8.55230000e+04
 8.52768000e+05],,,,,,,
0,89,26344,,,,,,,,,,,,,[1.77892407e+08 1.87789800e+06 1.66290000e+05 1.54207200e+06
 1.39301230e+07 2.07856000e+05 5.99390000e+04 6.43230000e+04
 8.67113000e+05],,,,,,,
0,90,26640,,,,,,,,,,,,,[1.77549938e+08 2.20312400e+06 1.83533000e+05 1.39449900e+06
 1.41278220e+07 1.57730000e+05 5.15000000e+04 8.92580000e+04
 8.50617000e+05],,,,,,,
0,91,26936,,,,,,,,,,,,,[1.77692282e+08 2.08217800e+06 1.62135000e+05 1.45088500e+06
 1.40646360e+07 1.64530000e+05 5.70120000e+04 8.44500000e+04
 8.49913000e+05],,,,,,,
0,92,27232,,,,,,,,,,,,,[1.77827557e+08 1.96165600e+06 1.47382000e+05 1.51065000e+06
 1.40049060e+07 1.64495000e+05 6.19550000e+04 8.57700000e+04
 8.43650000e+05],,,,,,,
0,93,27528,,,,,,,,,,,,,[1.7777701e+08 2.0318440e+06 1.2774100e+05 1.4806050e+06 1.4084140e+07
 1.1530600e+05 6.9778000e+04 1.2005300e+05 8.0154400e+05],,,,,,,
0,94,27824,,,,,,,,,,,,,[1.77832218e+08 1.96046600e+06 1.43911000e+05 1.51880700e+06
 1.39875970e+07 1.73647000e+05 6.72700000e+04 7.94720000e+04
 8.44633000e+05],,,,,,,
0,95,28120,,,,,,,,,,,,,[1.77735125e+08 2.02914900e+06 1.72321000e+05 1.47982100e+06
 1.40241170e+07 1.76113000e+05 5.74590000e+04 8.02370000e+04
 8.53679000e+05],,,,,,,
0,96,28416,,,,,,,,,,,,,[1.77610255e+08 2.13645000e+06 1.89890000e+05 1.43175700e+06
 1.40446670e+07 2.03627000e+05 5.22130000e+04 6.68570000e+04
 8.72305000e+05],,,,,,,
0,97,28712,,,,,,,,,,,,,[1.7776389e+08 2.0118940e+06 1.6081100e+05 1.4868710e+06 1.4011728e+07
 1.8145200e+05 6.0487000e+04 7.6183000e+04 8.5470500e+05],,,,,,,
0,98,29008,,,,,,,,,,,,,[1.7781167e+08 1.9631420e+06 1.6178300e+05 1.5024290e+06 1.3993932e+07
 1.8369000e+05 5.9866000e+04 7.5116000e+04 8.5639300e+05],,,,,,,
0,99,29304,,,,,,,,,,,,,[1.77974623e+08 1.83306800e+06 1.28904000e+05 1.57608300e+06
 1.39641770e+07 1.39791000e+05 7.23260000e+04 9.63480000e+04
 8.22701000e+05],,,,,,,
0,100,29600,,,,,,,,,,,,,[1.77504999e+08 2.26446000e+06 1.67136000e+05 1.37889000e+06
 1.41584630e+07 1.42698000e+05 5.51110000e+04 9.78990000e+04
 8.38365000e+05],,,,,,,
0,101,29896,,,,,,,,,,,,,[1.77724844e+08 2.04441800e+06 1.67333000e+05 1.47720300e+06
 1.40582930e+07 1.44555000e+05 5.52880000e+04 9.74790000e+04
 8.38608000e+05],,,,,,,
0,102,30192,,,,,,,,,,,,,[1.77720628e+08 2.05794400e+06 1.58023000e+05 1.45817900e+06
 1.40576680e+07 1.64204000e+05 6.10400000e+04 8.57200000e+04
 8.44615000e+05],,,,,,,
0,103,30488,,,,,,,,,,,,,[1.77781092e+08 1.98759300e+06 1.67910000e+05 1.49577200e+06
 1.40101490e+07 1.74130000e+05 5.90500000e+04 7.94310000e+04
 8.52894000e+05],,,,,,,
0,104,30784,,,,,,,,,,,,,[1.77714532e+08 2.04730500e+06 1.74758000e+05 1.46581600e+06
 1.40515180e+07 1.62717000e+05 5.43350000e+04 8.57230000e+04
 8.51317000e+05],,,,,,,
0,105,31080,,,,,,,,,,,,,[1.7764178e+08 2.1252970e+06 1.6951800e+05 1.4375780e+06 1.4104126e+07
 1.3834700e+05 5.4651000e+04 9.8688000e+04 8.3803600e+05],,,,,,,
0,106,31376,,,,,,,,,,,,,[1.77864218e+08 1.92683000e+06 1.45547000e+05 1.52884300e+06
 1.39717900e+07 1.79418000e+05 6.67820000e+04 7.47670000e+04
 8.49826000e+05],,,,,,,
0,107,31672,,,,,,,,,,,,,[1.77492143e+08 2.27316400e+06 1.71288000e+05 1.37471500e+06
 1.41774590e+07 1.27877000e+05 5.22780000e+04 1.10728000e+05
 8.28369000e+05],,,,,,,
0,108,31968,,,,,,,,,,,,,[1.77875361e+08 1.89848900e+06 1.62745000e+05 1.54030800e+06
 1.39563880e+07 1.83355000e+05 6.17390000e+04 7.37490000e+04
 8.55887000e+05],,,,,,,
0,109,32264,,,,,,,,,,,,,[1.77639969e+08 2.15139400e+06 1.45232000e+05 1.42170400e+06
 1.41289120e+07 1.29435000e+05 6.23060000e+04 1.08355000e+05
 8.20714000e+05],,,,,,,
0,110,32560,,,,,,,,,,,,,[1.7789601e+08 1.8766730e+06 1.6391200e+05 1.5542250e+06 1.3914977e+07
 2.1084900e+05 6.0798000e+04 6.2825000e+04 8.6775200e+05],,,,,,,
0,111,32856,,,,,,,,,,,,,[1.77643538e+08 2.13987000e+06 1.53187000e+05 1.44190600e+06
 1.41277490e+07 1.10396000e+05 5.91620000e+04 1.26681000e+05
 8.05532000e+05],,,,,,,
0,112,33152,,,,,,,,,,,,,[1.77851582e+08 1.91779400e+06 1.67219000e+05 1.52182200e+06
 1.39908120e+07 1.67417000e+05 5.80190000e+04 8.27050000e+04
 8.50651000e+05],,,,,,,
0,113,33448,,,,,,,,,,,,,[1.77947739e+08 1.85618000e+06 1.32676000e+05 1.55741000e+06
 1.39824810e+07 1.40160000e+05 7.08610000e+04 9.89950000e+04
 8.21519000e+05],,,,,,,
0,114,33744,,,,,,,,,,,,,[1.7785654e+08 1.9394200e+06 1.4063500e+05 1.5244840e+06 1.3988519e+07
 1.6704800e+05 6.7666000e+04 8.1476000e+04 8.4223300e+05],,,,,,,
0,115,34040,,,,,,,,,,,,,[1.77968592e+08 1.86684600e+06 1.01157000e+05 1.56454400e+06
 1.40070180e+07 1.08489000e+05 8.58200000e+04 1.23732000e+05
 7.81823000e+05],,,,,,,
0,116,34336,,,,,,,,,,,,,[1.77717788e+08 2.07145700e+06 1.47350000e+05 1.46284900e+06
 1.40990800e+07 1.18122000e+05 6.35730000e+04 1.17010000e+05
 8.10792000e+05],,,,,,,
0,117,34632,,,,,,,,,,,,,[1.77903007e+08 1.87366200e+06 1.59926000e+05 1.54854500e+06
 1.39121960e+07 2.19310000e+05 6.29270000e+04 5.88240000e+04
 8.69624000e+05],,,,,,,
0,118,34928,,,,,,,,,,,,,[1.77649845e+08 2.10529200e+06 1.81458000e+05 1.43690700e+06
 1.40790080e+07 1.64136000e+05 5.19110000e+04 8.32970000e+04
 8.56167000e+05],,,,,,,
0,119,35224,,,,,,,,,,,,,[1.77925154e+08 1.87133900e+06 1.40102000e+05 1.56366000e+06
 1.39505750e+07 1.65816000e+05 6.72900000e+04 8.16070000e+04
 8.42478000e+05],,,,,,,
0,120,35520,,,,,,,,,,,,,[1.77986113e+08 1.83664700e+06 1.13835000e+05 1.58499900e+06
 1.39738740e+07 1.21178000e+05 7.73340000e+04 1.14113000e+05
 7.99928000e+05],,,,,,,
0,121,35816,,,,,,,,,,,,,[1.77800608e+08 2.01680100e+06 1.19186000e+05 1.48910500e+06
 1.40665240e+07 1.24422000e+05 7.65070000e+04 1.08786000e+05
 8.06082000e+05],,,,,,,
0,122,36112,,,,,,,,,,,,,[1.77994367e+08 1.84712200e+06 9.51060000e+04 1.58077900e+06
 1.39661060e+07 1.33166000e+05 9.43820000e+04 1.02651000e+05
 7.94342000e+05],,,,,,,
0,123,36408,,,,,,,,,,,,,[1.77840226e+08 1.91337500e+06 1.82994000e+05 1.52128800e+06
 1.39511070e+07 2.07656000e+05 5.39840000e+04 6.49430000e+04
 8.72448000e+05],,,,,,,
0,124,36704,,,,,,,,,,,,,[1.77806277e+08 1.98866600e+06 1.41652000e+05 1.50138400e+06
 1.40190550e+07 1.59612000e+05 6.69640000e+04 8.58130000e+04
 8.38598000e+05],,,,,,,
0,125,37000,,,,,,,,,,,,,[1.7786580e+08 1.9006780e+06 1.7011700e+05 1.5361980e+06 1.3938707e+07
 2.0514600e+05 5.7975000e+04 6.4973000e+04 8.6842700e+05],,,,,,,
0,126,37296,,,,,,,,,,,,,[1.77600314e+08 2.19559600e+06 1.40685000e+05 1.40898800e+06
 1.41628160e+07 1.08247000e+05 6.16370000e+04 1.27127000e+05
 8.02611000e+05],,,,,,,
0,127,37592,,,,,,,,,,,,,[1.77781648e+08 2.00818300e+06 1.46764000e+05 1.48792300e+06
 1.40527150e+07 1.39413000e+05 6.10670000e+04 1.01292000e+05
 8.29016000e+05],,,,,,,
0,128,37888,,,,,,,,,,,,,[1.77676893e+08 2.06681700e+06 1.92885000e+05 1.45528600e+06
 1.40401560e+07 1.84609000e+05 5.00490000e+04 7.45070000e+04
 8.66819000e+05],,,,,,,
0,129,38184,,,,,,,,,,,,,[1.77667378e+08 2.11591700e+06 1.53300000e+05 1.43043300e+06
 1.40966170e+07 1.53001000e+05 5.98070000e+04 9.04370000e+04
 8.41131000e+05],,,,,,,
0,130,38480,,,,,,,,,,,,,[1.77786405e+08 1.99819300e+06 1.51997000e+05 1.49643200e+06
 1.40451950e+07 1.38424000e+05 5.99170000e+04 9.86680000e+04
 8.32790000e+05],,,,,,,
0,131,38776,,,,,,,,,,,,,[1.77820437e+08 1.98491100e+06 1.31247000e+05 1.50087800e+06
 1.40353630e+07 1.43810000e+05 7.46340000e+04 9.58260000e+04
 8.20915000e+05],,,,,,,
0,132,39072,,,,,,,,,,,,,[1.77773486e+08 2.05545900e+06 1.07650000e+05 1.47029600e+06
 1.41210340e+07 8.87210000e+04 7.91620000e+04 1.46126000e+05
 7.66087000e+05],,,,,,,
0,133,39368,,,,,,,,,,,,,[1.77729139e+08 2.06287100e+06 1.44585000e+05 1.46184500e+06
 1.40754790e+07 1.42727000e+05 6.54730000e+04 9.64020000e+04
 8.29500000e+05],,,,,,,
0,134,39664,,,,,,,,,,,,,[1.77907862e+08 1.87012500e+06 1.58608000e+05 1.54838500e+06
 1.39500670e+07 1.81599000e+05 6.09400000e+04 7.53680000e+04
 8.55067000e+05],,,,,,,
0,135,39960,,,,,,,,,,,,,[1.77790639e+08 1.98696300e+06 1.58993000e+05 1.49470900e+06
 1.40157660e+07 1.69576000e+05 5.89780000e+04 8.11540000e+04
 8.51243000e+05],,,,,,,
0,136,40256,,,,,,,,,,,,,[1.77980116e+08 1.85532200e+06 1.01157000e+05 1.57546400e+06
 1.40047930e+07 9.97940000e+04 8.62460000e+04 1.36166000e+05
 7.68963000e+05],,,,,,,
0,137,40552,,,,,,,,,,,,,[1.77984793e+08 1.83794400e+06 1.13858000e+05 1.57374300e+06
 1.39449740e+07 1.61334000e+05 8.30770000e+04 8.35970000e+04
 8.24701000e+05],,,,,,,
0,138,40848,,,,,,,,,,,,,[1.77833411e+08 1.98327100e+06 1.19913000e+05 1.50787400e+06
 1.40367460e+07 1.35431000e+05 7.59800000e+04 1.00655000e+05
 8.14740000e+05],,,,,,,
0,139,41144,,,,,,,,,,,,,[1.77881604e+08 1.89185300e+06 1.63138000e+05 1.54611200e+06
 1.39497730e+07 1.84166000e+05 6.00680000e+04 7.33100000e+04
 8.57997000e+05],,,,,,,
0,140,41440,,,,,,,,,,,,,[1.77675424e+08 2.11504000e+06 1.46131000e+05 1.43985000e+06
 1.41031750e+07 1.37026000e+05 6.52990000e+04 1.03290000e+05
 8.22786000e+05],,,,,,,
0,141,41736,,,,,,,,,,,,,[1.77912754e+08 1.85896300e+06 1.64878000e+05 1.56450600e+06
 1.39042770e+07 2.11268000e+05 6.03660000e+04 6.30930000e+04
 8.67916000e+05],,,,,,,
0,142,42032,,,,,,,,,,,,,[1.77885823e+08 1.91638300e+06 1.34389000e+05 1.52924100e+06
 1.40188720e+07 1.31938000e+05 6.73420000e+04 1.04675000e+05
 8.19358000e+05],,,,,,,
0,143,42328,,,,,,,,,,,,,[1.78043551e+08 1.73968700e+06 1.53357000e+05 1.62201800e+06
 1.38510330e+07 2.07000000e+05 6.48950000e+04 6.58700000e+04
 8.60610000e+05],,,,,,,
0,144,42624,,,,,,,,,,,,,[1.77804009e+08 1.98002400e+06 1.52562000e+05 1.49565100e+06
 1.40154450e+07 1.68955000e+05 6.08180000e+04 8.26460000e+04
 8.47911000e+05],,,,,,,
0,145,42920,,,,,,,,,,,,,[1.77925329e+08 1.84805400e+06 1.63212000e+05 1.57082700e+06
 1.39310090e+07 1.78215000e+05 5.84110000e+04 7.65070000e+04
 8.56457000e+05],,,,,,,
0,146,43216,,,,,,,,,,,,,[1.77804394e+08 1.98311500e+06 1.49086000e+05 1.49849100e+06
 1.40404530e+07 1.41107000e+05 6.22460000e+04 9.86760000e+04
 8.30453000e+05],,,,,,,
0,147,43512,,,,,,,,,,,,,[1.77735966e+08 2.07272800e+06 1.27901000e+05 1.45583200e+06
 1.41019980e+07 1.22221000e+05 7.10880000e+04 1.10397000e+05
 8.09890000e+05],,,,,,,
0,148,43808,,,,,,,,,,,,,[1.77874593e+08 1.92968700e+06 1.32315000e+05 1.52295900e+06
 1.40053200e+07 1.51772000e+05 6.99240000e+04 9.03720000e+04
 8.31079000e+05],,,,,,,
0,149,44104,,,,,,,,,,,,,[1.77224206e+08 2.52880400e+06 1.83585000e+05 1.28218000e+06
 1.42755550e+07 1.22316000e+05 4.89820000e+04 1.13743000e+05
 8.28650000e+05],,,,,,,
0,150,44400,,,,,,,,,,,,,[1.77554463e+08 2.20666000e+06 1.75472000e+05 1.39661600e+06
 1.41142220e+07 1.69213000e+05 5.53650000e+04 8.27310000e+04
 8.53279000e+05],,,,,,,
0,151,44696,,,,,,,,,,,,,[1.77825724e+08 1.95831800e+06 1.52553000e+05 1.50671800e+06
 1.40084780e+07 1.64855000e+05 6.27520000e+04 8.30000000e+04
 8.45623000e+05],,,,,,,
0,152,44992,,,,,,,,,,,,,[1.77662239e+08 2.11757000e+06 1.56786000e+05 1.43557700e+06
 1.41291630e+07 1.15311000e+05 5.83160000e+04 1.22076000e+05
 8.10983000e+05],,,,,,,
0,153,45288,,,,,,,,,,,,,[1.77722981e+08 2.06589000e+06 1.47724000e+05 1.45919900e+06
 1.40976370e+07 1.23215000e+05 6.21850000e+04 1.13769000e+05
 8.15421000e+05],,,,,,,
0,154,45584,,,,,,,,,,,,,[1.77844443e+08 1.97437000e+06 1.17782000e+05 1.49470300e+06
 1.40613220e+07 1.24026000e+05 7.78500000e+04 1.09131000e+05
 8.04394000e+05],,,,,,,
0,155,45880,,,,,,,,,,,,,[1.77929864e+08 1.90568700e+06 1.01044000e+05 1.54251300e+06
 1.40506470e+07 8.68910000e+04 8.64660000e+04 1.47175000e+05
 7.57734000e+05],,,,,,,
0,156,46176,,,,,,,,,,,,,[1.77766967e+08 2.02423300e+06 1.45395000e+05 1.48158900e+06
 1.40760410e+07 1.22421000e+05 6.18250000e+04 1.13105000e+05
 8.16445000e+05],,,,,,,
0,157,46472,,,,,,,,,,,,,[1.77850624e+08 1.93585900e+06 1.50112000e+05 1.51956400e+06
 1.40070580e+07 1.53429000e+05 6.28040000e+04 8.96110000e+04
 8.38960000e+05],,,,,,,
0,158,46768,,,,,,,,,,,,,[1.7763949e+08 2.1074380e+06 1.8966700e+05 1.4395530e+06 1.4078033e+07
 1.6246500e+05 5.0851000e+04 8.6185000e+04 8.5433900e+05],,,,,,,
0,159,47064,,,,,,,,,,,,,[1.77898594e+08 1.90289200e+06 1.35109000e+05 1.54412500e+06
 1.39844030e+07 1.51523000e+05 7.25390000e+04 8.97470000e+04
 8.29089000e+05],,,,,,,
0,160,47360,,,,,,,,,,,,,[1.77628915e+08 2.14320500e+06 1.64475000e+05 1.42500200e+06
 1.41092780e+07 1.45771000e+05 5.52630000e+04 9.46530000e+04
 8.41459000e+05],,,,,,,
0,161,47656,,,,,,,,,,,,,[1.77845457e+08 1.90830200e+06 1.82836000e+05 1.52901700e+06
 1.39331530e+07 2.17881000e+05 5.40330000e+04 6.00880000e+04
 8.77254000e+05],,,,,,,
0,162,47952,,,,,,,,,,,,,[1.77863587e+08 1.94772900e+06 1.25279000e+05 1.52212900e+06
 1.40260910e+07 1.31831000e+05 7.41160000e+04 1.03112000e+05
 8.14147000e+05],,,,,,,
0,163,48248,,,,,,,,,,,,,[1.77925919e+08 1.86329800e+06 1.47378000e+05 1.55886600e+06
 1.39528960e+07 1.68289000e+05 6.43490000e+04 8.15770000e+04
 8.45449000e+05],,,,,,,
0,164,48544,,,,,,,,,,,,,[1.77746899e+08 2.00566200e+06 1.84034000e+05 1.48869200e+06
 1.40031530e+07 1.88206000e+05 5.31980000e+04 7.21510000e+04
 8.66026000e+05],,,,,,,
0,165,48840,,,,,,,,,,,,,[1.77870993e+08 1.88289600e+06 1.82706000e+05 1.55109600e+06
 1.39456770e+07 1.83278000e+05 5.24580000e+04 7.44880000e+04
 8.64429000e+05],,,,,,,
0,166,49136,,,,,,,,,,,,,[1.77727094e+08 2.06218700e+06 1.47314000e+05 1.46098000e+06
 1.40829960e+07 1.36075000e+05 6.14080000e+04 1.00200000e+05
 8.29767000e+05],,,,,,,
0,167,49432,,,,,,,,,,,,,[1.77836507e+08 1.97893900e+06 1.21149000e+05 1.49966900e+06
 1.40584180e+07 1.21964000e+05 7.33450000e+04 1.12121000e+05
 8.05909000e+05],,,,,,,
0,168,49728,,,,,,,,,,,,,[1.77962936e+08 1.83558800e+06 1.38071000e+05 1.57118100e+06
 1.39295620e+07 1.79308000e+05 7.02620000e+04 7.49020000e+04
 8.46211000e+05],,,,,,,
0,169,50024,,,,,,,,,,,,,[1.77634143e+08 2.15590200e+06 1.46550000e+05 1.42054400e+06
 1.41405240e+07 1.18983000e+05 6.12430000e+04 1.12752000e+05
 8.17380000e+05],,,,,,,
0,170,50320,,,,,,,,,,,,,[1.77930748e+08 1.89043900e+06 1.15408000e+05 1.54505400e+06
 1.39867440e+07 1.48253000e+05 8.15610000e+04 8.95600000e+04
 8.20254000e+05],,,,,,,
0,171,50616,,,,,,,,,,,,,[1.77785239e+08 2.03564700e+06 1.15709000e+05 1.47661900e+06
 1.41122150e+07 9.12170000e+04 7.83810000e+04 1.43717000e+05
 7.69277000e+05],,,,,,,
0,172,50912,,,,,,,,,,,,,[1.77896029e+08 1.87247700e+06 1.68089000e+05 1.54736300e+06
 1.39430080e+07 1.89680000e+05 5.83360000e+04 7.06100000e+04
 8.62429000e+05],,,,,,,
0,173,51208,,,,,,,,,,,,,[1.77585978e+08 2.19919700e+06 1.51420000e+05 1.40302900e+06
 1.41360950e+07 1.40927000e+05 5.83150000e+04 9.89390000e+04
 8.34121000e+05],,,,,,,
0,174,51504,,,,,,,,,,,,,[1.77833205e+08 1.96630400e+06 1.37086000e+05 1.50486300e+06
 1.40364650e+07 1.38723000e+05 6.78070000e+04 9.82680000e+04
 8.25300000e+05],,,,,,,
0,175,51800,,,,,,,,,,,,,[1.77791112e+08 1.97729300e+06 1.68190000e+05 1.50591600e+06
 1.40219240e+07 1.52211000e+05 5.45060000e+04 9.08590000e+04
 8.46010000e+05],,,,,,,
0,176,52096,,,,,,,,,,,,,[1.77475608e+08 2.27830100e+06 1.82686000e+05 1.36509000e+06
 1.41588450e+07 1.56116000e+05 5.14440000e+04 9.13420000e+04
 8.48589000e+05],,,,,,,
0,177,52392,,,,,,,,,,,,,[1.77677036e+08 2.09543700e+06 1.64122000e+05 1.44154900e+06
 1.40722520e+07 1.66250000e+05 5.55520000e+04 8.41030000e+04
 8.51720000e+05],,,,,,,
0,178,52688,,,,,,,,,,,,,[1.77745398e+08 2.02893900e+06 1.62258000e+05 1.47293900e+06
 1.40527580e+07 1.54354000e+05 5.87720000e+04 8.96100000e+04
 8.42993000e+05],,,,,,,
0,179,52984,,,,,,,,,,,,,[1.77877527e+08 1.89051600e+06 1.68552000e+05 1.53994800e+06
 1.39285010e+07 2.11602000e+05 6.10850000e+04 6.15390000e+04
 8.68751000e+05],,,,,,,
0,180,53280,,,,,,,,,,,,,[1.77718345e+08 2.02762900e+06 1.90621000e+05 1.47409100e+06
 1.40348460e+07 1.71114000e+05 5.00800000e+04 7.99180000e+04
 8.61377000e+05],,,,,,,
0,181,53576,,,,,,,,,,,,,[1.77808917e+08 1.93299800e+06 1.94680000e+05 1.51418200e+06
 1.39379500e+07 2.27919000e+05 5.23650000e+04 5.79210000e+04
 8.81089000e+05],,,,,,,
0,182,53872,,,,,,,,,,,,,[1.77840277e+08 1.97061000e+06 1.25708000e+05 1.49925000e+06
 1.40449630e+07 1.35838000e+05 7.41040000e+04 9.97840000e+04
 8.17487000e+05],,,,,,,
0,183,54168,,,,,,,,,,,,,[1.77837779e+08 1.96067700e+06 1.38139000e+05 1.50225300e+06
 1.40302120e+07 1.47586000e+05 6.92930000e+04 9.25060000e+04
 8.29576000e+05],,,,,,,
0,184,54464,,,,,,,,,,,,,[1.77727545e+08 2.05973200e+06 1.49318000e+05 1.45519500e+06
 1.40611980e+07 1.63658000e+05 6.42420000e+04 8.35170000e+04
 8.43616000e+05],,,,,,,
0,185,54760,,,,,,,,,,,,,[1.77937753e+08 1.85764700e+06 1.41195000e+05 1.55809400e+06
 1.39672710e+07 1.54686000e+05 6.76300000e+04 8.81990000e+04
 8.35546000e+05],,,,,,,
0,186,55056,,,,,,,,,,,,,[1.77971459e+08 1.86955500e+06 9.55810000e+04 1.55642300e+06
 1.40128540e+07 1.10774000e+05 8.98380000e+04 1.19532000e+05
 7.82005000e+05],,,,,,,
0,187,55352,,,,,,,,,,,,,[1.77537367e+08 2.26185200e+06 1.37376000e+05 1.38038300e+06
 1.41866040e+07 1.13064000e+05 6.20040000e+04 1.24164000e+05
 8.05207000e+05],,,,,,,
0,188,55648,,,,,,,,,,,,,[1.78086529e+08 1.75990200e+06 9.01640000e+04 1.61996200e+06
 1.39391780e+07 1.20911000e+05 9.67790000e+04 1.09889000e+05
 7.84707000e+05],,,,,,,
0,189,55944,,,,,,,,,,,,,[1.77963768e+08 1.83064000e+06 1.42187000e+05 1.57111000e+06
 1.39279390e+07 1.81002000e+05 7.05490000e+04 7.39010000e+04
 8.46925000e+05],,,,,,,
0,190,56240,,,,,,,,,,,,,[1.77902688e+08 1.86931700e+06 1.64590000e+05 1.55259600e+06
 1.39247460e+07 2.02709000e+05 6.01780000e+04 6.54060000e+04
 8.65791000e+05],,,,,,,
0,191,56536,,,,,,,,,,,,,[1.77586302e+08 2.20515700e+06 1.45136000e+05 1.40208700e+06
 1.41498720e+07 1.28092000e+05 6.44600000e+04 1.09539000e+05
 8.17376000e+05],,,,,,,
0,192,56832,,,,,,,,,,,,,[1.78052491e+08 1.77185100e+06 1.12253000e+05 1.60639300e+06
 1.39226290e+07 1.51029000e+05 8.22890000e+04 8.98790000e+04
 8.19207000e+05],,,,,,,
0,193,57128,,,,,,,,,,,,,[1.7800496e+08 1.7889180e+06 1.4271700e+05 1.5969830e+06 1.3921373e+07
 1.6169500e+05 6.6244000e+04 8.4194000e+04 8.4093700e+05],,,,,,,
0,194,57424,,,,,,,,,,,,,[1.77811858e+08 1.98571800e+06 1.39019000e+05 1.49275900e+06
 1.40370500e+07 1.50242000e+05 6.76370000e+04 9.09120000e+04
 8.32826000e+05],,,,,,,
0,195,57720,,,,,,,,,,,,,[1.77689101e+08 2.09024000e+06 1.57254000e+05 1.44235500e+06
 1.40970700e+07 1.40626000e+05 5.87820000e+04 1.00140000e+05
 8.32453000e+05],,,,,,,
0,196,58016,,,,,,,,,,,,,[1.77840862e+08 1.96679300e+06 1.28940000e+05 1.50987400e+06
 1.40398530e+07 1.30324000e+05 7.24760000e+04 1.03793000e+05
 8.15106000e+05],,,,,,,
0,197,58312,,,,,,,,,,,,,[1.77848564e+08 1.95540400e+06 1.32627000e+05 1.50737000e+06
 1.40321130e+07 1.40568000e+05 7.04850000e+04 9.80680000e+04
 8.22822000e+05],,,,,,,
0,198,58608,,,,,,,,,,,,,[1.77743385e+08 2.04696100e+06 1.46249000e+05 1.46026800e+06
 1.40788400e+07 1.40943000e+05 6.24400000e+04 9.74850000e+04
 8.31450000e+05],,,,,,,
0,199,58904,,,,,,,,,,,,,[1.78008473e+08 1.82548900e+06 1.02633000e+05 1.58685300e+06
 1.39850460e+07 1.08152000e+05 8.92730000e+04 1.26573000e+05
 7.75529000e+05],,,,,,,
0,200,59200,,,,,,,,,,,,,[1.7787435e+08 1.9226750e+06 1.3957000e+05 1.5259850e+06 1.4005173e+07
 1.4889300e+05 6.5540000e+04 9.2233000e+04 8.3360200e+05],,,,,,,
0,201,59496,,,,,,,,,,,,,[1.77680693e+08 2.08128100e+06 1.74621000e+05 1.44705500e+06
 1.40614040e+07 1.71592000e+05 5.52010000e+04 8.07850000e+04
 8.55389000e+05],,,,,,,
0,202,59792,,,,,,,,,,,,,[1.77719314e+08 2.08734000e+06 1.29941000e+05 1.44762300e+06
 1.41052770e+07 1.27151000e+05 7.22190000e+04 1.06170000e+05
 8.12986000e+05],,,,,,,
0,203,60088,,,,,,,,,,,,,[1.7789738e+08 1.9077690e+06 1.3144600e+05 1.5248060e+06 1.4004742e+07
 1.5050300e+05 6.9920000e+04 9.0949000e+04 8.3050600e+05],,,,,,,
0,204,60384,,,,,,,,,,,,,[1.77885474e+08 1.91016600e+06 1.40955000e+05 1.52615300e+06
 1.40083530e+07 1.45545000e+05 6.68360000e+04 9.46670000e+04
 8.29872000e+05],,,,,,,
0,205,60680,,,,,,,,,,,,,[1.77794932e+08 2.01631300e+06 1.25350000e+05 1.48024500e+06
 1.41008410e+07 9.89650000e+04 7.19510000e+04 1.35594000e+05
 7.83830000e+05],,,,,,,
0,206,60976,,,,,,,,,,,,,[1.77850802e+08 1.90903900e+06 1.76754000e+05 1.52983600e+06
 1.39533820e+07 1.96833000e+05 5.36950000e+04 6.80350000e+04
 8.69645000e+05],,,,,,,
0,207,61272,,,,,,,,,,,,,[1.77830062e+08 1.91770400e+06 1.88829000e+05 1.52008200e+06
 1.39475680e+07 2.12401000e+05 4.98520000e+04 6.50990000e+04
 8.76424000e+05],,,,,,,
0,208,61568,,,,,,,,,,,,,[1.77866667e+08 1.91497900e+06 1.54949000e+05 1.53090400e+06
 1.39870210e+07 1.62126000e+05 5.88110000e+04 8.29980000e+04
 8.49566000e+05],,,,,,,
0,209,61864,,,,,,,,,,,,,[1.77698774e+08 2.06899000e+06 1.68831000e+05 1.45128300e+06
 1.40545480e+07 1.74220000e+05 5.66880000e+04 7.63170000e+04
 8.58370000e+05],,,,,,,
0,210,62160,,,,,,,,,,,,,[1.77765508e+08 2.03098500e+06 1.40102000e+05 1.47383300e+06
 1.40934620e+07 1.12756000e+05 6.35750000e+04 1.18478000e+05
 8.09322000e+05],,,,,,,
0,211,62456,,,,,,,,,,,,,[1.77759018e+08 2.03452000e+06 1.43057000e+05 1.47148800e+06
 1.40700380e+07 1.38525000e+05 6.33040000e+04 9.69420000e+04
 8.31129000e+05],,,,,,,
0,212,62752,,,,,,,,,,,,,[1.77621743e+08 2.15959300e+06 1.55259000e+05 1.41486500e+06
 1.41276350e+07 1.37551000e+05 5.89240000e+04 9.79880000e+04
 8.34463000e+05],,,,,,,
0,213,63048,,,,,,,,,,,,,[1.77886345e+08 1.90958400e+06 1.40666000e+05 1.53515300e+06
 1.39753050e+07 1.69593000e+05 6.85550000e+04 7.86960000e+04
 8.44124000e+05],,,,,,,
0,214,63344,,,,,,,,,,,,,[1.77875174e+08 1.92271800e+06 1.38703000e+05 1.52396200e+06
 1.39880520e+07 1.68037000e+05 6.84880000e+04 7.96940000e+04
 8.43193000e+05],,,,,,,
0,215,63640,,,,,,,,,,,,,[1.7772293e+08 2.0714460e+06 1.4221900e+05 1.4626390e+06 1.4079825e+07
 1.3758700e+05 6.4669000e+04 9.9470000e+04 8.2723600e+05],,,,,,,
0,216,63936,,,,,,,,,,,,,[1.77769663e+08 2.03206400e+06 1.34868000e+05 1.48035400e+06
 1.40908320e+07 1.08865000e+05 6.65970000e+04 1.23096000e+05
 8.01682000e+05],,,,,,,
0,217,64232,,,,,,,,,,,,,[1.7748214e+08 2.3192180e+06 1.3523700e+05 1.3574000e+06 1.4225178e+07
 9.7473000e+04 6.6305000e+04 1.4624000e+05 7.7883000e+05],,,,,,,
0,218,64528,,,,,,,,,,,,,[1.77741206e+08 2.04452100e+06 1.50868000e+05 1.46904700e+06
 1.40353740e+07 1.75630000e+05 6.43090000e+04 7.76930000e+04
 8.49373000e+05],,,,,,,
0,219,64824,,,,,,,,,,,,,[1.77947582e+08 1.85031600e+06 1.38697000e+05 1.56527500e+06
 1.39283770e+07 1.86399000e+05 6.92030000e+04 7.05850000e+04
 8.51587000e+05],,,,,,,
0,220,65120,,,,,,,,,,,,,[1.77795901e+08 1.97216500e+06 1.68529000e+05 1.49235800e+06
 1.40086740e+07 1.79019000e+05 5.76730000e+04 7.58510000e+04
 8.57851000e+05],,,,,,,
0,221,65416,,,,,,,,,,,,,[1.77956091e+08 1.83219100e+06 1.48313000e+05 1.57823000e+06
 1.39416250e+07 1.60196000e+05 6.25910000e+04 8.37810000e+04
 8.45003000e+05],,,,,,,
0,222,65712,,,,,,,,,,,,,[1.77729252e+08 2.05255100e+06 1.54792000e+05 1.46590800e+06
 1.40685240e+07 1.45619000e+05 5.88260000e+04 9.30260000e+04
 8.39523000e+05],,,,,,,
0,223,66008,,,,,,,,,,,,,[1.77547848e+08 2.23880200e+06 1.49945000e+05 1.38596900e+06
 1.41729340e+07 1.21148000e+05 5.82060000e+04 1.12034000e+05
 8.21135000e+05],,,,,,,
0,224,66304,,,,,,,,,,,,,[1.77761435e+08 2.03320400e+06 1.41956000e+05 1.47040500e+06
 1.40696970e+07 1.39949000e+05 6.47040000e+04 9.78500000e+04
 8.28821000e+05],,,,,,,
0,225,66600,,,,,,,,,,,,,[1.7782232e+08 1.9457140e+06 1.6856100e+05 1.5221760e+06 1.3989388e+07
 1.6848700e+05 5.5567000e+04 7.9642000e+04 8.5616600e+05],,,,,,,
0,226,66896,,,,,,,,,,,,,[1.77946101e+08 1.84177400e+06 1.48720000e+05 1.56872200e+06
 1.39385090e+07 1.72820000e+05 6.21510000e+04 7.81550000e+04
 8.51069000e+05],,,,,,,
0,227,67192,,,,,,,,,,,,,[1.77541556e+08 2.22829700e+06 1.66742000e+05 1.39404100e+06
 1.41715040e+07 1.14506000e+05 5.47730000e+04 1.26124000e+05
 8.10478000e+05],,,,,,,
0,228,67488,,,,,,,,,,,,,[1.7802510e+08 1.7416580e+06 1.6983700e+05 1.6191270e+06 1.3817438e+07
 2.4348600e+05 6.0911000e+04 5.1850000e+04 8.7861400e+05],,,,,,,
0,229,67784,,,,,,,,,,,,,[1.77869559e+08 1.88906900e+06 1.77967000e+05 1.53123600e+06
 1.39462220e+07 2.02593000e+05 5.62550000e+04 6.50550000e+04
 8.70065000e+05],,,,,,,
0,230,68080,,,,,,,,,,,,,[1.77960644e+08 1.79565700e+06 1.80294000e+05 1.59143400e+06
 1.38727040e+07 2.15913000e+05 5.58730000e+04 5.99720000e+04
 8.75530000e+05],,,,,,,
0,231,68376,,,,,,,,,,,,,[1.77712268e+08 2.10467000e+06 1.19657000e+05 1.43886600e+06
 1.41419660e+07 9.92190000e+04 7.21150000e+04 1.31940000e+05
 7.87320000e+05],,,,,,,
0,232,68672,,,,,,,,,,,,,[1.77871327e+08 1.92830100e+06 1.36967000e+05 1.52654700e+06
 1.40069260e+07 1.46578000e+05 6.85540000e+04 9.30470000e+04
 8.29774000e+05],,,,,,,
0,233,68968,,,,,,,,,,,,,[1.77636692e+08 2.16229200e+06 1.37611000e+05 1.41838000e+06
 1.41653010e+07 9.63700000e+04 6.27930000e+04 1.35703000e+05
 7.92879000e+05],,,,,,,
0,234,69264,,,,,,,,,,,,,[1.77709066e+08 2.10088000e+06 1.26649000e+05 1.44193800e+06
 1.41085550e+07 1.29558000e+05 7.08180000e+04 1.03224000e+05
 8.17333000e+05],,,,,,,
0,235,69560,,,,,,,,,,,,,[1.77930116e+08 1.86087200e+06 1.45607000e+05 1.56007600e+06
 1.39719670e+07 1.48008000e+05 6.38880000e+04 9.16610000e+04
 8.35826000e+05],,,,,,,
0,236,69856,,,,,,,,,,,,,[1.77669315e+08 2.09148700e+06 1.75793000e+05 1.43799700e+06
 1.40707920e+07 1.71262000e+05 5.37260000e+04 7.93580000e+04
 8.58291000e+05],,,,,,,
0,237,70152,,,,,,,,,,,,,[1.77777708e+08 1.99760600e+06 1.61281000e+05 1.48129800e+06
 1.40302830e+07 1.68470000e+05 5.87720000e+04 8.15260000e+04
 8.51077000e+05],,,,,,,
0,238,70448,,,,,,,,,,,,,[1.77686558e+08 2.02738400e+06 2.22653000e+05 1.47283200e+06
 1.39859850e+07 2.21234000e+05 4.27220000e+04 5.93650000e+04
 8.89288000e+05],,,,,,,
0,239,70744,,,,,,,,,,,,,[1.77963108e+08 1.84126800e+06 1.32219000e+05 1.56872600e+06
 1.39548850e+07 1.56440000e+05 6.99390000e+04 8.73370000e+04
 8.34099000e+05],,,,,,,
0,240,71040,,,,,,,,,,,,,[1.77814069e+08 1.96012200e+06 1.62404000e+05 1.49589900e+06
 1.40079240e+07 1.76228000e+05 5.73440000e+04 7.66370000e+04
 8.57394000e+05],,,,,,,
0,241,71336,,,,,,,,,,,,,[1.77782756e+08 1.97826300e+06 1.75576000e+05 1.49065800e+06
 1.40001620e+07 1.89231000e+05 5.30410000e+04 7.06670000e+04
 8.67667000e+05],,,,,,,
0,242,71632,,,,,,,,,,,,,[1.77662547e+08 2.09299100e+06 1.81057000e+05 1.43753500e+06
 1.40870720e+07 1.55444000e+05 5.23410000e+04 9.12640000e+04
 8.47770000e+05],,,,,,,
0,243,71928,,,,,,,,,,,,,[1.77898397e+08 1.92272800e+06 1.15470000e+05 1.52068700e+06
 1.40429110e+07 1.16453000e+05 7.65220000e+04 1.15940000e+05
 7.98913000e+05],,,,,,,
0,244,72224,,,,,,,,,,,,,[1.77790138e+08 2.00512900e+06 1.41328000e+05 1.47996500e+06
 1.40552950e+07 1.44791000e+05 6.30780000e+04 9.71800000e+04
 8.31117000e+05],,,,,,,
0,245,72520,,,,,,,,,,,,,[1.77795308e+08 1.96344700e+06 1.77840000e+05 1.49333000e+06
 1.39657190e+07 2.21002000e+05 5.39730000e+04 6.02390000e+04
 8.77163000e+05],,,,,,,
0,246,72816,,,,,,,,,,,,,[1.78003315e+08 1.80351800e+06 1.29762000e+05 1.58556500e+06
 1.39510230e+07 1.43463000e+05 6.96600000e+04 9.34920000e+04
 8.28223000e+05],,,,,,,
0,247,73112,,,,,,,,,,,,,[1.77717844e+08 2.05855400e+06 1.60197000e+05 1.45761500e+06
 1.40594420e+07 1.62994000e+05 5.92300000e+04 8.43240000e+04
 8.47821000e+05],,,,,,,
0,248,73408,,,,,,,,,,,,,[1.77904852e+08 1.86112100e+06 1.70622000e+05 1.55775700e+06
 1.39084510e+07 2.13843000e+05 5.63850000e+04 6.13160000e+04
 8.73674000e+05],,,,,,,
0,249,73704,,,,,,,,,,,,,[1.77840838e+08 1.91632300e+06 1.79434000e+05 1.53473300e+06
 1.39165580e+07 2.28760000e+05 5.42430000e+04 5.73680000e+04
 8.79764000e+05],,,,,,,
0,250,74000,,,,,,,,,,,,,[1.77694346e+08 2.10712900e+06 1.35120000e+05 1.44481500e+06
 1.41210710e+07 1.14165000e+05 6.62880000e+04 1.16314000e+05
 8.08773000e+05],,,,,,,
0,251,74296,,,,,,,,,,,,,[1.77915483e+08 1.87115200e+06 1.49960000e+05 1.55178400e+06
 1.39492650e+07 1.79002000e+05 6.40100000e+04 7.32980000e+04
 8.54067000e+05],,,,,,,
0,252,74592,,,,,,,,,,,,,[1.77621367e+08 2.16534800e+06 1.49880000e+05 1.41297000e+06
 1.41485080e+07 1.18573000e+05 5.92570000e+04 1.14058000e+05
 8.18060000e+05],,,,,,,
0,253,74888,,,,,,,,,,,,,[1.77983772e+08 1.81459600e+06 1.38227000e+05 1.58069400e+06
 1.39291920e+07 1.70165000e+05 7.10360000e+04 7.86090000e+04
 8.41730000e+05],,,,,,,
0,254,75184,,,,,,,,,,,,,[1.77899905e+08 1.92038000e+06 1.16310000e+05 1.52913000e+06
 1.40349290e+07 1.15992000e+05 7.69350000e+04 1.14513000e+05
 7.99927000e+05],,,,,,,
0,255,75480,,,,,,,,,,,,,[1.77947784e+08 1.85203200e+06 1.36779000e+05 1.56696600e+06
 1.39750900e+07 1.37995000e+05 6.77140000e+04 9.87410000e+04
 8.24920000e+05],,,,,,,
0,256,75776,,,,,,,,,,,,,[1.77913114e+08 1.88293600e+06 1.40545000e+05 1.54837300e+06
 1.39644090e+07 1.67269000e+05 6.85550000e+04 7.99850000e+04
 8.42835000e+05],,,,,,,
0,257,76072,,,,,,,,,,,,,[1.77589327e+08 2.19931100e+06 1.47957000e+05 1.39954200e+06
 1.41574790e+07 1.23030000e+05 5.97420000e+04 1.08983000e+05
 8.22650000e+05],,,,,,,
0,258,76368,,,,,,,,,,,,,[1.77790201e+08 2.00234600e+06 1.44048000e+05 1.48187000e+06
 1.40411160e+07 1.57065000e+05 6.55180000e+04 8.69000000e+04
 8.38957000e+05],,,,,,,
0,259,76664,,,,,,,,,,,,,[1.77958647e+08 1.79478300e+06 1.83165000e+05 1.58989400e+06
 1.38625780e+07 2.27579000e+05 5.39580000e+04 5.73900000e+04
 8.80027000e+05],,,,,,,
0,260,76960,,,,,,,,,,,,,[1.77577473e+08 2.18341000e+06 1.75712000e+05 1.40603500e+06
 1.41292480e+07 1.44768000e+05 5.13810000e+04 9.36810000e+04
 8.46313000e+05],,,,,,,
0,261,77256,,,,,,,,,,,,,[1.77778156e+08 1.96973900e+06 1.88700000e+05 1.49398900e+06
 1.39708920e+07 2.15170000e+05 5.07490000e+04 6.10280000e+04
 8.79598000e+05],,,,,,,
0,262,77552,,,,,,,,,,,,,[1.77807197e+08 1.97244100e+06 1.56957000e+05 1.49005700e+06
 1.40339330e+07 1.56061000e+05 6.41950000e+04 9.07600000e+04
 8.36420000e+05],,,,,,,
0,263,77848,,,,,,,,,,,,,[1.7784719e+08 1.9176500e+06 1.7175500e+05 1.5201180e+06 1.3957368e+07
 2.0256500e+05 5.4961000e+04 6.5820000e+04 8.7059400e+05],,,,,,,
0,264,78144,,,,,,,,,,,,,[1.7782842e+08 1.9725440e+06 1.3563100e+05 1.5040720e+06 1.4057997e+07
 1.1798200e+05 6.5541000e+04 1.1805000e+05 8.0778400e+05],,,,,,,
0,265,78440,,,,,,,,,,,,,[1.7789572e+08 1.8844580e+06 1.5641700e+05 1.5333930e+06 1.3949734e+07
 1.9692400e+05 6.3520000e+04 6.8263000e+04 8.5959200e+05],,,,,,,
0,266,78736,,,,,,,,,,,,,[1.77655743e+08 2.13795700e+06 1.42895000e+05 1.43095200e+06
 1.41333600e+07 1.15739000e+05 6.24500000e+04 1.18504000e+05
 8.10421000e+05],,,,,,,
0,267,79032,,,,,,,,,,,,,[1.77839209e+08 1.97689600e+06 1.20490000e+05 1.49708300e+06
 1.40706610e+07 1.12307000e+05 7.43190000e+04 1.18202000e+05
 7.98854000e+05],,,,,,,
0,268,79328,,,,,,,,,,,,,[1.77843057e+08 1.96865600e+06 1.24882000e+05 1.50491200e+06
 1.40771340e+07 9.80050000e+04 6.98260000e+04 1.33209000e+05
 7.88340000e+05],,,,,,,
0,269,79624,,,,,,,,,,,,,[1.77932788e+08 1.85104700e+06 1.52760000e+05 1.56337600e+06
 1.39501200e+07 1.66555000e+05 6.32840000e+04 8.01640000e+04
 8.47927000e+05],,,,,,,
0,270,79920,,,,,,,,,,,,,[1.77560841e+08 2.20921400e+06 1.66540000e+05 1.39643200e+06
 1.41393240e+07 1.44295000e+05 5.55850000e+04 9.60780000e+04
 8.39712000e+05],,,,,,,
0,271,80216,,,,,,,,,,,,,[1.77904089e+08 1.88343200e+06 1.49074000e+05 1.53769300e+06
 1.39603070e+07 1.82051000e+05 6.49720000e+04 7.39630000e+04
 8.52440000e+05],,,,,,,
0,272,80512,,,,,,,,,,,,,[1.77578711e+08 2.22479600e+06 1.33088000e+05 1.39080900e+06
 1.42010650e+07 8.81770000e+04 6.45460000e+04 1.45201000e+05
 7.81628000e+05],,,,,,,
0,273,80808,,,,,,,,,,,,,[1.77938339e+08 1.87772100e+06 1.20535000e+05 1.55632900e+06
 1.39954040e+07 1.28318000e+05 7.28710000e+04 1.02902000e+05
 8.15602000e+05],,,,,,,
0,274,81104,,,,,,,,,,,,,[1.78054599e+08 1.78601800e+06 9.59780000e+04 1.59785900e+06
 1.39579010e+07 1.24291000e+05 9.07270000e+04 1.06306000e+05
 7.94342000e+05],,,,,,,
0,275,81400,,,,,,,,,,,,,[1.77744921e+08 2.05805500e+06 1.33619000e+05 1.46267500e+06
 1.41084250e+07 1.08951000e+05 6.62630000e+04 1.21486000e+05
 8.03626000e+05],,,,,,,
0,276,81696,,,,,,,,,,,,,[1.77796604e+08 1.98623200e+06 1.53759000e+05 1.48858800e+06
 1.39946990e+07 1.96764000e+05 6.25050000e+04 6.71450000e+04
 8.61725000e+05],,,,,,,
0,277,81992,,,,,,,,,,,,,[1.7788986e+08 1.8967660e+06 1.4996900e+05 1.5367640e+06 1.3986181e+07
 1.5710600e+05 6.2261000e+04 8.5709000e+04 8.4340500e+05],,,,,,,
0,278,82288,,,,,,,,,,,,,[1.77799181e+08 1.96779900e+06 1.69615000e+05 1.49855800e+06
 1.40169450e+07 1.64548000e+05 5.39960000e+04 8.28110000e+04
 8.54568000e+05],,,,,,,
0,279,82584,,,,,,,,,,,,,[1.77589289e+08 2.21287100e+06 1.34435000e+05 1.39567300e+06
 1.41884710e+07 9.59070000e+04 6.64710000e+04 1.39715000e+05
 7.85189000e+05],,,,,,,
0,280,82880,,,,,,,,,,,,,[1.77735242e+08 2.09259400e+06 1.08759000e+05 1.44490900e+06
 1.41459100e+07 8.92320000e+04 8.03650000e+04 1.42201000e+05
 7.68809000e+05],,,,,,,
0,281,83176,,,,,,,,,,,,,[1.77902328e+08 1.88286800e+06 1.51399000e+05 1.54768400e+06
 1.39659030e+07 1.66464000e+05 6.04470000e+04 8.27240000e+04
 8.48204000e+05],,,,,,,
0,282,83472,,,,,,,,,,,,,[1.77742535e+08 2.02776700e+06 1.66293000e+05 1.47139600e+06
 1.40582530e+07 1.50402000e+05 5.58850000e+04 9.01650000e+04
 8.45325000e+05],,,,,,,
0,283,83768,,,,,,,,,,,,,[1.77787897e+08 2.00652600e+06 1.42172000e+05 1.48435600e+06
 1.40504100e+07 1.45285000e+05 6.50060000e+04 9.26150000e+04
 8.33754000e+05],,,,,,,
0,284,84064,,,,,,,,,,,,,[1.77748967e+08 2.05030400e+06 1.37324000e+05 1.46322700e+06
 1.40886710e+07 1.28153000e+05 6.58610000e+04 1.04293000e+05
 8.21221000e+05],,,,,,,
0,285,84360,,,,,,,,,,,,,[1.77674624e+08 2.09721800e+06 1.64753000e+05 1.43906700e+06
 1.41002530e+07 1.40731000e+05 5.54750000e+04 9.78470000e+04
 8.38053000e+05],,,,,,,
0,286,84656,,,,,,,,,,,,,[1.77649341e+08 2.12269000e+06 1.64564000e+05 1.43047800e+06
 1.41025400e+07 1.47033000e+05 5.69550000e+04 9.26330000e+04
 8.41787000e+05],,,,,,,
0,287,84952,,,,,,,,,,,,,[1.77791273e+08 2.02109000e+06 1.24232000e+05 1.47672800e+06
 1.40717910e+07 1.31532000e+05 7.50180000e+04 1.00773000e+05
 8.15584000e+05],,,,,,,
0,288,85248,,,,,,,,,,,,,[1.77753726e+08 2.02812100e+06 1.54748000e+05 1.47160400e+06
 1.40694240e+07 1.39023000e+05 6.01110000e+04 9.60540000e+04
 8.35210000e+05],,,,,,,
0,289,85544,,,,,,,,,,,,,[1.77780615e+08 1.98828600e+06 1.67694000e+05 1.48610400e+06
 1.40253600e+07 1.68587000e+05 5.50330000e+04 8.03000000e+04
 8.56042000e+05],,,,,,,
0,290,85840,,,,,,,,,,,,,[1.7777548e+08 2.0072880e+06 1.5382700e+05 1.4785720e+06 1.4048107e+07
 1.5337200e+05 6.0172000e+04 8.9010000e+04 8.4219300e+05],,,,,,,
0,291,86136,,,,,,,,,,,,,[1.7778179e+08 2.0065120e+06 1.4829300e+05 1.4815050e+06 1.4063236e+07
 1.3531000e+05 6.0385000e+04 9.9650000e+04 8.3134000e+05],,,,,,,
0,292,86432,,,,,,,,,,,,,[1.77866478e+08 1.91779000e+06 1.52327000e+05 1.52161300e+06
 1.39889360e+07 1.69502000e+05 6.18020000e+04 8.00360000e+04
 8.49537000e+05],,,,,,,
0,293,86728,,,,,,,,,,,,,[1.77883517e+08 1.90793500e+06 1.45143000e+05 1.52618600e+06
 1.39825800e+07 1.71285000e+05 6.77100000e+04 7.70180000e+04
 8.46647000e+05],,,,,,,
0,294,87024,,,,,,,,,,,,,[1.77720984e+08 2.05943000e+06 1.56181000e+05 1.46293100e+06
 1.40772710e+07 1.39849000e+05 5.81240000e+04 9.89780000e+04
 8.34273000e+05],,,,,,,
0,295,87320,,,,,,,,,,,,,[1.78076436e+08 1.74298700e+06 1.17172000e+05 1.62117200e+06
 1.38887950e+07 1.70084000e+05 8.12310000e+04 7.70260000e+04
 8.33118000e+05],,,,,,,
0,296,87616,,,,,,,,,,,,,[1.77677036e+08 2.06545500e+06 1.94104000e+05 1.45172200e+06
 1.40474010e+07 1.80928000e+05 4.92340000e+04 7.52480000e+04
 8.66893000e+05],,,,,,,
0,297,87912,,,,,,,,,,,,,[1.77657052e+08 2.11965400e+06 1.59889000e+05 1.43277000e+06
 1.40963640e+07 1.50917000e+05 5.69450000e+04 8.94020000e+04
 8.45028000e+05],,,,,,,
0,298,88208,,,,,,,,,,,,,[1.77810397e+08 1.98367300e+06 1.42525000e+05 1.49730200e+06
 1.40601620e+07 1.22587000e+05 6.43640000e+04 1.09371000e+05
 8.17640000e+05],,,,,,,
0,299,88504,,,,,,,,,,,,,[1.77671595e+08 2.12394500e+06 1.41055000e+05 1.42995200e+06
 1.41313290e+07 1.18770000e+05 6.37370000e+04 1.14533000e+05
 8.13105000e+05],,,,,,,
0,300,88800,,,,,,,,,,,,,[1.77466391e+08 2.25975800e+06 2.10446000e+05 1.37843000e+06
 1.41427070e+07 1.58914000e+05 4.25760000e+04 8.50460000e+04
 8.63753000e+05],,,,,,,
0,301,89096,,,,,,,,,,,,,[1.77949625e+08 1.81056200e+06 1.76408000e+05 1.58226200e+06
 1.38879060e+07 2.09883000e+05 5.50880000e+04 6.22280000e+04
 8.74059000e+05],,,,,,,
0,302,89392,,,,,,,,,,,,,[1.77864185e+08 1.90688800e+06 1.65522000e+05 1.53479900e+06
 1.39583870e+07 1.86865000e+05 6.05020000e+04 7.18370000e+04
 8.59036000e+05],,,,,,,
0,303,89688,,,,,,,,,,,,,[1.77736569e+08 2.04629000e+06 1.53736000e+05 1.47440500e+06
 1.40785460e+07 1.27100000e+05 5.95170000e+04 1.11980000e+05
 8.19878000e+05],,,,,,,
0,304,89984,,,,,,,,,,,,,[1.77897798e+08 1.89109300e+06 1.47704000e+05 1.54856500e+06
 1.39746990e+07 1.56787000e+05 6.57810000e+04 8.61730000e+04
 8.39421000e+05],,,,,,,
0,305,90280,,,,,,,,,,,,,[1.77667521e+08 2.12932700e+06 1.39747000e+05 1.42664700e+06
 1.41398780e+07 1.13526000e+05 6.31100000e+04 1.18495000e+05
 8.09770000e+05],,,,,,,
0,306,90576,,,,,,,,,,,,,[1.77566079e+08 2.22979100e+06 1.40725000e+05 1.40255500e+06
 1.41898540e+07 8.76420000e+04 6.01610000e+04 1.45125000e+05
 7.86089000e+05],,,,,,,
0,307,90872,,,,,,,,,,,,,[1.77845369e+08 1.91987700e+06 1.71349000e+05 1.52752300e+06
 1.39629540e+07 1.89574000e+05 5.45070000e+04 6.96150000e+04
 8.67253000e+05],,,,,,,
0,308,91168,,,,,,,,,,,,,[1.77744325e+08 2.03896200e+06 1.53308000e+05 1.47001800e+06
 1.40325780e+07 1.77455000e+05 6.21270000e+04 7.57790000e+04
 8.53469000e+05],,,,,,,
0,309,91464,,,,,,,,,,,,,[1.77769575e+08 2.03085700e+06 1.36163000e+05 1.47061500e+06
 1.40819640e+07 1.27472000e+05 6.67660000e+04 1.05838000e+05
 8.18771000e+05],,,,,,,
0,310,91760,,,,,,,,,,,,,[1.77906212e+08 1.88341200e+06 1.46971000e+05 1.54682600e+06
 1.39682750e+07 1.64950000e+05 6.42160000e+04 8.07170000e+04
 8.46442000e+05],,,,,,,
0,311,92056,,,,,,,,,,,,,[1.77715483e+08 2.07856500e+06 1.42547000e+05 1.45170000e+06
 1.40880560e+07 1.40295000e+05 6.18300000e+04 9.78120000e+04
 8.31733000e+05],,,,,,,
0,312,92352,,,,,,,,,,,,,[1.7778903e+08 1.9998120e+06 1.4775300e+05 1.4894170e+06 1.4059232e+07
 1.3140200e+05 5.9088000e+04 1.0430800e+05 8.2797900e+05],,,,,,,
0,313,92648,,,,,,,,,,,,,[1.7779780e+08 1.9551170e+06 1.8367800e+05 1.5014700e+06 1.3986312e+07
 1.9226900e+05 5.0419000e+04 6.8793000e+04 8.7216300e+05],,,,,,,
0,314,92944,,,,,,,,,,,,,[1.77936352e+08 1.86496300e+06 1.35280000e+05 1.55044300e+06
 1.39913560e+07 1.38252000e+05 6.55310000e+04 9.78120000e+04
 8.28032000e+05],,,,,,,
0,315,93240,,,,,,,,,,,,,[1.77780484e+08 2.03174800e+06 1.24363000e+05 1.47686900e+06
 1.40848740e+07 1.18308000e+05 6.96170000e+04 1.15546000e+05
 8.06212000e+05],,,,,,,
0,316,93536,,,,,,,,,,,,,[1.77791765e+08 2.01897200e+06 1.25858000e+05 1.48357700e+06
 1.40780210e+07 1.18453000e+05 7.18840000e+04 1.12862000e+05
 8.06629000e+05],,,,,,,
0,317,93832,,,,,,,,,,,,,[1.77695307e+08 2.07825500e+06 1.63033000e+05 1.45131600e+06
 1.40897060e+07 1.39029000e+05 5.54580000e+04 9.82530000e+04
 8.37664000e+05],,,,,,,
0,318,94128,,,,,,,,,,,,,[1.77808724e+08 1.97169300e+06 1.56178000e+05 1.49589700e+06
 1.40275160e+07 1.56638000e+05 5.89330000e+04 8.47930000e+04
 8.47649000e+05],,,,,,,
0,319,94424,,,,,,,,,,,,,[1.77651297e+08 2.11309800e+06 1.72200000e+05 1.43499000e+06
 1.40867850e+07 1.58276000e+05 5.38010000e+04 8.55990000e+04
 8.51975000e+05],,,,,,,
0,320,94720,,,,,,,,,,,,,[1.77785323e+08 1.96694100e+06 1.84331000e+05 1.50664300e+06
 1.39790480e+07 1.94360000e+05 5.08750000e+04 6.83840000e+04
 8.72116000e+05],,,,,,,
0,321,95016,,,,,,,,,,,,,[1.77744424e+08 2.03317300e+06 1.58998000e+05 1.46837500e+06
 1.40468070e+07 1.64869000e+05 5.86680000e+04 8.27090000e+04
 8.49998000e+05],,,,,,,
0,322,95312,,,,,,,,,,,,,[1.78015218e+08 1.78991700e+06 1.31460000e+05 1.60301800e+06
 1.39128400e+07 1.64193000e+05 7.21280000e+04 8.19340000e+04
 8.37313000e+05],,,,,,,
0,323,95608,,,,,,,,,,,,,[1.77654842e+08 2.12774200e+06 1.54011000e+05 1.42940300e+06
 1.41421700e+07 1.08478000e+05 5.56110000e+04 1.24175000e+05
 8.11589000e+05],,,,,,,
0,324,95904,,,,,,,,,,,,,[1.77735315e+08 2.03757700e+06 1.63703000e+05 1.46941400e+06
 1.40661800e+07 1.44457000e+05 5.42670000e+04 9.37180000e+04
 8.43390000e+05],,,,,,,
0,325,96200,,,,,,,,,,,,,[1.77774469e+08 1.99569900e+06 1.66427000e+05 1.47875500e+06
 1.40239020e+07 1.77394000e+05 5.58470000e+04 7.48080000e+04
 8.60720000e+05],,,,,,,
0,326,96496,,,,,,,,,,,,,[1.7760294e+08 2.1988170e+06 1.3483800e+05 1.3965180e+06 1.4163438e+07
 1.2009500e+05 6.3596000e+04 1.1311400e+05 8.1466500e+05],,,,,,,
0,327,96792,,,,,,,,,,,,,[1.77868351e+08 1.94322100e+06 1.25023000e+05 1.51999000e+06
 1.40165710e+07 1.43490000e+05 7.28920000e+04 9.28160000e+04
 8.25667000e+05],,,,,,,
0,328,97088,,,,,,,,,,,,,[1.77746669e+08 2.05640700e+06 1.33519000e+05 1.46227800e+06
 1.40944140e+07 1.23359000e+05 6.80280000e+04 1.08161000e+05
 8.15186000e+05],,,,,,,
0,329,97384,,,,,,,,,,,,,[1.77817441e+08 1.96383800e+06 1.55316000e+05 1.50200600e+06
 1.40007350e+07 1.77310000e+05 6.24260000e+04 7.50540000e+04
 8.53895000e+05],,,,,,,
0,330,97680,,,,,,,,,,,,,[1.77741132e+08 2.02941800e+06 1.66045000e+05 1.46787900e+06
 1.40449060e+07 1.67266000e+05 5.51020000e+04 8.10790000e+04
 8.55194000e+05],,,,,,,
0,331,97976,,,,,,,,,,,,,[1.77766701e+08 1.97467700e+06 1.95217000e+05 1.49034700e+06
 1.39815750e+07 2.08129000e+05 5.04730000e+04 6.27510000e+04
 8.78151000e+05],,,,,,,
0,332,98272,,,,,,,,,,,,,[1.77970746e+08 1.84465300e+06 1.21196000e+05 1.56789600e+06
 1.39675390e+07 1.44616000e+05 7.36600000e+04 9.12480000e+04
 8.26467000e+05],,,,,,,
0,333,98568,,,,,,,,,,,,,[1.77810832e+08 2.00841500e+06 1.17348000e+05 1.49274500e+06
 1.40856460e+07 1.01660000e+05 7.54430000e+04 1.27622000e+05
 7.88310000e+05],,,,,,,
0,334,98864,,,,,,,,,,,,,[1.77786864e+08 2.00335300e+06 1.46378000e+05 1.48585000e+06
 1.40368190e+07 1.57382000e+05 6.38980000e+04 8.59930000e+04
 8.41484000e+05],,,,,,,
0,335,99160,,,,,,,,,,,,,[1.78067497e+08 1.70361700e+06 1.65481000e+05 1.65481100e+06
 1.37938890e+07 2.31351000e+05 6.20220000e+04 5.50120000e+04
 8.74341000e+05],,,,,,,
0,336,99456,,,,,,,,,,,,,[1.77833909e+08 1.92866000e+06 1.74026000e+05 1.51648600e+06
 1.39537010e+07 2.09864000e+05 5.56460000e+04 6.28770000e+04
 8.72852000e+05],,,,,,,
0,337,99752,,,,,,,,,,,,,[1.77620578e+08 2.18497400e+06 1.31043000e+05 1.40935000e+06
 1.41752520e+07 9.54490000e+04 6.51510000e+04 1.38116000e+05
 7.88108000e+05],,,,,,,
0,338,100048,,,,,,,,,,,,,[1.77826421e+08 1.92142300e+06 1.88751000e+05 1.52868700e+06
 1.39615890e+07 1.89775000e+05 5.21950000e+04 7.00850000e+04
 8.69095000e+05],,,,,,,
