0,1,296,,,,,,,,,,,,,[1.73034061e+08 6.90253400e+06 0.00000000e+00 9.90676400e+06
 5.77328700e+06 0.00000000e+00 5.63323000e+05 4.28052000e+05
 0.00000000e+00],,,,,,,
0,2,592,,,,,,,,,,,,,[1.79876858e+08 5.97370000e+04 0.00000000e+00 1.54794300e+07
 2.00621000e+05 0.00000000e+00 9.72580000e+05 1.87950000e+04
 0.00000000e+00],,,,,,,
0,3,888,,,,,,,,,,,,,[1.79935552e+08 1.04300000e+03 0.00000000e+00 1.54074400e+07
 2.72611000e+05 0.00000000e+00 9.37358000e+05 5.40170000e+04
 0.00000000e+00],,,,,,,
0,4,1184,,,,,,,,,,,,,[1.79829164e+08 1.07431000e+05 0.00000000e+00 1.46842570e+07
 9.95794000e+05 0.00000000e+00 8.23212000e+05 1.68163000e+05
 0.00000000e+00],,,,,,,
0,5,1480,,,,,,,,,,,,,[1.79932181e+08 4.41400000e+03 0.00000000e+00 1.55553270e+07
 1.24724000e+05 0.00000000e+00 9.35589000e+05 5.57860000e+04
 0.00000000e+00],,,,,,,
0,6,1776,,,,,,,,,,,,,[1.7978800e+08 1.4859500e+05 0.0000000e+00 1.4302115e+07 1.3779360e+06
 0.0000000e+00 6.8701700e+05 3.0435800e+05 0.0000000e+00],,,,,,,
0,7,2072,,,,,,,,,,,,,[1.78353522e+08 1.58307300e+06 0.00000000e+00 1.06826870e+07
 4.99736400e+06 0.00000000e+00 3.72585000e+05 6.18790000e+05
 0.00000000e+00],,,,,,,
0,8,2368,,,,,,,,,,,,,[1.64761844e+08 1.51747510e+07 0.00000000e+00 4.71666500e+06
 1.09633860e+07 0.00000000e+00 1.73722000e+05 8.17653000e+05
 0.00000000e+00],,,,,,,
0,9,2664,,,,,,,,,,,,,[1.78520545e+08 1.41605000e+06 0.00000000e+00 1.09735550e+07
 4.70649600e+06 0.00000000e+00 3.54848000e+05 6.36527000e+05
 0.00000000e+00],,,,,,,
0,10,2960,,,,,,,,,,,,,[1.70638268e+08 9.29832700e+06 0.00000000e+00 5.01556800e+06
 1.06644830e+07 0.00000000e+00 1.65517000e+05 8.25858000e+05
 0.00000000e+00],,,,,,,
0,11,3256,,,,,,,,,,,,,[1.76212684e+08 3.72391100e+06 0.00000000e+00 7.43710100e+06
 8.24227700e+06 6.73000000e+02 2.93475000e+05 6.95341000e+05
 2.55900000e+03],,,,,,,
0,12,3552,,,,,,,,,,,,,[1.71316418e+08 8.62017700e+06 0.00000000e+00 5.37682900e+06
 1.03032220e+07 0.00000000e+00 1.51552000e+05 8.39823000e+05
 0.00000000e+00],,,,,,,
0,13,3848,,,,,,,,,,,,,[1.76924178e+08 3.00799800e+06 4.41900000e+03 8.07472100e+06
 7.54101100e+06 6.43190000e+04 2.75418000e+05 5.90659000e+05
 1.25298000e+05],,,,,,,
0,14,4144,,,,,,,,,,,,,[1.76710156e+08 3.22643900e+06 0.00000000e+00 7.80449200e+06
 7.87477000e+06 7.89000000e+02 2.09932000e+05 7.77792000e+05
 3.65100000e+03],,,,,,,
0,15,4440,,,,,,,,,,,,,[1.76432413e+08 3.50307900e+06 1.10300000e+03 7.60281600e+06
 8.05652500e+06 2.07100000e+04 2.43890000e+05 6.90794000e+05
 5.66910000e+04],,,,,,,
0,16,4736,,,,,,,,,,,,,[1.68855088e+08 1.10814250e+07 8.20000000e+01 3.71591000e+06
 1.19525750e+07 1.15660000e+04 1.59015000e+05 7.83138000e+05
 4.92220000e+04],,,,,,,
0,17,5032,,,,,,,,,,,,,[1.71768494e+08 8.15212100e+06 1.59800000e+04 6.05025900e+06
 9.49807000e+06 1.31722000e+05 1.57077000e+05 6.05440000e+05
 2.28858000e+05],,,,,,,
0,18,5328,,,,,,,,,,,,,[1.78647554e+08 1.28327200e+06 5.76900000e+03 1.02499330e+07
 5.35708900e+06 7.30290000e+04 3.82084000e+05 4.32887000e+05
 1.76404000e+05],,,,,,,
0,19,5624,,,,,,,,,,,,,[1.68540023e+08 1.13957240e+07 8.48000000e+02 3.63479400e+06
 1.20113640e+07 3.38930000e+04 1.42964000e+05 7.27849000e+05
 1.20562000e+05],,,,,,,
0,20,5920,,,,,,,,,,,,,[1.71677939e+08 8.25803400e+06 6.22000000e+02 4.19136000e+06
 1.14698560e+07 1.88350000e+04 1.83453000e+05 7.25716000e+05
 8.22060000e+04],,,,,,,
0,21,6216,,,,,,,,,,,,,[1.76911725e+08 3.01965200e+06 5.21800000e+03 6.91921900e+06
 8.68778100e+06 7.30510000e+04 3.04577000e+05 5.21039000e+05
 1.65759000e+05],,,,,,,
0,22,6512,,,,,,,,,,,,,[1.67606656e+08 1.22924380e+07 3.75010000e+04 2.94354500e+06
 1.25766260e+07 1.59880000e+05 1.37325000e+05 5.94757000e+05
 2.59293000e+05],,,,,,,
0,23,6808,,,,,,,,,,,,,[1.74406676e+08 5.50966900e+06 2.02500000e+04 4.76471800e+06
 1.07827350e+07 1.32598000e+05 1.76274000e+05 5.48097000e+05
 2.67004000e+05],,,,,,,
0,24,7104,,,,,,,,,,,,,[1.75896613e+08 4.02017600e+06 1.98060000e+04 6.34700000e+06
 9.20856800e+06 1.24483000e+05 1.80757000e+05 5.36749000e+05
 2.73869000e+05],,,,,,,
0,25,7400,,,,,,,,,,,,,[1.68789875e+08 1.11277350e+07 1.89850000e+04 3.38615000e+06
 1.21788790e+07 1.15022000e+05 1.25914000e+05 5.94413000e+05
 2.71048000e+05],,,,,,,
0,26,7696,,,,,,,,,,,,,[1.77092966e+08 2.83585300e+06 7.77600000e+03 7.47244000e+06
 8.08513800e+06 1.22473000e+05 3.00097000e+05 4.47097000e+05
 2.44181000e+05],,,,,,,
0,27,7992,,,,,,,,,,,,,[1.71847975e+08 8.05412600e+06 3.44940000e+04 3.77703700e+06
 1.16663360e+07 2.36678000e+05 1.56272000e+05 4.72963000e+05
 3.62140000e+05],,,,,,,
0,28,8288,,,,,,,,,,,,,[1.75987355e+08 3.88088300e+06 6.83570000e+04 7.05183600e+06
 8.29104400e+06 3.37171000e+05 1.43449000e+05 3.90068000e+05
 4.57858000e+05],,,,,,,
0,29,8584,,,,,,,,,,,,,[1.76008283e+08 3.90338500e+06 2.49270000e+04 5.73893000e+06
 9.77151800e+06 1.69603000e+05 1.94798000e+05 4.71432000e+05
 3.25145000e+05],,,,,,,
0,30,8880,,,,,,,,,,,,,[1.74024401e+08 5.87757400e+06 3.46200000e+04 4.18237900e+06
 1.13419060e+07 1.55766000e+05 1.50009000e+05 4.85918000e+05
 3.55448000e+05],,,,,,,
0,31,9176,,,,,,,,,,,,,[1.78326372e+08 1.58909800e+06 2.11250000e+04 8.04590700e+06
 7.46284400e+06 1.71300000e+05 3.38092000e+05 3.36704000e+05
 3.16579000e+05],,,,,,,
0,32,9472,,,,,,,,,,,,,[1.75720737e+08 4.15222500e+06 6.36330000e+04 5.32548900e+06
 1.00468940e+07 3.07668000e+05 1.78292000e+05 3.56247000e+05
 4.56836000e+05],,,,,,,
0,33,9768,,,,,,,,,,,,,[1.75775017e+08 4.10927200e+06 5.23060000e+04 4.69043500e+06
 1.08048480e+07 1.84768000e+05 1.99456000e+05 4.09947000e+05
 3.81972000e+05],,,,,,,
0,34,10064,,,,,,,,,,,,,[1.76551543e+08 3.36528700e+06 1.97650000e+04 5.90063400e+06
 9.68851500e+06 9.09020000e+04 2.56613000e+05 4.52107000e+05
 2.82655000e+05],,,,,,,
0,35,10360,,,,,,,,,,,,,[1.70148172e+08 9.76923800e+06 1.91850000e+04 3.41809500e+06
 1.21991270e+07 6.28290000e+04 2.26782000e+05 5.33686000e+05
 2.30907000e+05],,,,,,,
0,36,10656,,,,,,,,,,,,,[1.72312613e+08 7.55102200e+06 7.29600000e+04 3.92180900e+06
 1.15794810e+07 1.78761000e+05 1.27328000e+05 4.67821000e+05
 3.96226000e+05],,,,,,,
0,37,10952,,,,,,,,,,,,,[1.78788066e+08 1.11590800e+06 3.26210000e+04 8.98552400e+06
 6.41018300e+06 2.84344000e+05 3.79760000e+05 1.90705000e+05
 4.20910000e+05],,,,,,,
0,38,11248,,,,,,,,,,,,,[1.70956831e+08 8.89355400e+06 8.62100000e+04 2.64224900e+06
 1.27917470e+07 2.46055000e+05 1.24866000e+05 4.29109000e+05
 4.37400000e+05],,,,,,,
0,39,11544,,,,,,,,,,,,,[1.77039287e+08 2.85439700e+06 4.29110000e+04 5.34278000e+06
 1.01275840e+07 2.09687000e+05 2.69521000e+05 2.99682000e+05
 4.22172000e+05],,,,,,,
0,40,11840,,,,,,,,,,,,,[1.74168926e+08 5.72618900e+06 4.14800000e+04 3.98709200e+06
 1.15802820e+07 1.12677000e+05 2.05029000e+05 4.49398000e+05
 3.36948000e+05],,,,,,,
0,41,12136,,,,,,,,,,,,,[1.77751016e+08 2.11796700e+06 6.76120000e+04 5.84770700e+06
 9.43569100e+06 3.96653000e+05 2.62836000e+05 2.24712000e+05
 5.03827000e+05],,,,,,,
0,42,12432,,,,,,,,,,,,,[1.74616672e+08 5.26884600e+06 5.10770000e+04 3.65211300e+06
 1.18692120e+07 1.58726000e+05 1.85095000e+05 4.11311000e+05
 3.94969000e+05],,,,,,,
0,43,12728,,,,,,,,,,,,,[1.75914956e+08 3.89984600e+06 1.21793000e+05 4.24663100e+06
 1.10648820e+07 3.68538000e+05 1.63968000e+05 2.75575000e+05
 5.51832000e+05],,,,,,,
0,44,13024,,,,,,,,,,,,,[1.77583117e+08 2.28899700e+06 6.44810000e+04 6.10219200e+06
 9.37742400e+06 2.00435000e+05 2.05297000e+05 3.43515000e+05
 4.42563000e+05],,,,,,,
0,45,13320,,,,,,,,,,,,,[1.74159662e+08 5.65952400e+06 1.17409000e+05 3.30681400e+06
 1.20111000e+07 3.62137000e+05 1.90687000e+05 2.44933000e+05
 5.55755000e+05],,,,,,,
0,46,13616,,,,,,,,,,,,,[1.75436251e+08 4.38475600e+06 1.15588000e+05 6.23200600e+06
 9.07421700e+06 3.73828000e+05 1.89271000e+05 2.53608000e+05
 5.48496000e+05],,,,,,,
0,47,13912,,,,,,,,,,,,,[1.76828529e+08 3.05503000e+06 5.30360000e+04 5.25951600e+06
 1.02138430e+07 2.06692000e+05 2.37462000e+05 3.13559000e+05
 4.40354000e+05],,,,,,,
0,48,14208,,,,,,,,,,,,,[1.75153221e+08 4.68360000e+06 9.97740000e+04 4.18023800e+06
 1.12041100e+07 2.95703000e+05 1.95374000e+05 3.12748000e+05
 4.83253000e+05],,,,,,,
0,49,14504,,,,,,,,,,,,,[1.72325649e+08 7.53958800e+06 7.13580000e+04 3.18967200e+06
 1.22993470e+07 1.91032000e+05 1.12151000e+05 4.35803000e+05
 4.43421000e+05],,,,,,,
0,50,14800,,,,,,,,,,,,,[1.7721338e+08 2.6405030e+06 8.2712000e+04 5.3301200e+06 1.0095847e+07
 2.5408400e+05 2.1771600e+05 2.8065800e+05 4.9300100e+05],,,,,,,
0,51,15096,,,,,,,,,,,,,[1.76461173e+08 3.41683900e+06 5.85830000e+04 4.36506100e+06
 1.10976710e+07 2.17319000e+05 2.24279000e+05 3.17320000e+05
 4.49776000e+05],,,,,,,
0,52,15392,,,,,,,,,,,,,[1.74781209e+08 5.09629800e+06 5.90880000e+04 3.49907800e+06
 1.19750410e+07 2.05932000e+05 2.06208000e+05 3.58686000e+05
 4.26481000e+05],,,,,,,
0,53,15688,,,,,,,,,,,,,[1.77636838e+08 2.25330300e+06 4.64540000e+04 4.88049400e+06
 1.05373250e+07 2.62232000e+05 2.61057000e+05 2.56433000e+05
 4.73885000e+05],,,,,,,
0,54,15984,,,,,,,,,,,,,[1.78716733e+08 1.17655100e+06 4.33110000e+04 6.90164800e+06
 8.52191900e+06 2.56484000e+05 2.89185000e+05 2.30685000e+05
 4.71505000e+05],,,,,,,
0,55,16280,,,,,,,,,,,,,[1.77009059e+08 2.86471900e+06 6.28170000e+04 4.17154600e+06
 1.12645100e+07 2.43995000e+05 2.36078000e+05 2.76970000e+05
 4.78327000e+05],,,,,,,
0,56,16576,,,,,,,,,,,,,[1.72782837e+08 7.02160100e+06 1.32157000e+05 2.43485300e+06
 1.29632520e+07 2.81946000e+05 1.33470000e+05 3.31458000e+05
 5.26447000e+05],,,,,,,
0,57,16872,,,,,,,,,,,,,[1.7287956e+08 6.9473790e+06 1.0965600e+05 2.1969900e+06 1.3271703e+07
 2.1135800e+05 1.4086500e+05 3.7197100e+05 4.7853900e+05],,,,,,,
0,58,17168,,,,,,,,,,,,,[1.74391338e+08 5.42601800e+06 1.19239000e+05 2.79886700e+06
 1.25604970e+07 3.20687000e+05 2.07369000e+05 2.30677000e+05
 5.53329000e+05],,,,,,,
0,59,17464,,,,,,,,,,,,,[1.7734544e+08 2.4930070e+06 9.8148000e+04 4.8076850e+06 1.0620366e+07
 2.5200000e+05 1.9691600e+05 2.8546200e+05 5.0899700e+05],,,,,,,
0,60,17760,,,,,,,,,,,,,[1.77563805e+08 2.29008100e+06 8.27090000e+04 5.46239400e+06
 9.88376400e+06 3.33893000e+05 2.72716000e+05 1.98332000e+05
 5.20327000e+05],,,,,,,
0,61,18056,,,,,,,,,,,,,[1.75967892e+08 3.82800000e+06 1.40703000e+05 3.67095600e+06
 1.16833760e+07 3.25719000e+05 1.78312000e+05 2.41046000e+05
 5.72017000e+05],,,,,,,
0,62,18352,,,,,,,,,,,,,[1.74698219e+08 5.13860400e+06 9.97720000e+04 2.78869700e+06
 1.27380110e+07 1.53343000e+05 1.83309000e+05 3.75992000e+05
 4.32074000e+05],,,,,,,
0,63,18648,,,,,,,,,,,,,[1.76638746e+08 3.21518100e+06 8.26680000e+04 3.86072300e+06
 1.16327740e+07 1.86554000e+05 1.93698000e+05 3.21734000e+05
 4.75943000e+05],,,,,,,
0,64,18944,,,,,,,,,,,,,[1.73098563e+08 6.65835000e+06 1.79682000e+05 2.25014000e+06
 1.30569890e+07 3.72922000e+05 1.62749000e+05 2.24766000e+05
 6.03860000e+05],,,,,,,
0,65,19240,,,,,,,,,,,,,[1.72426816e+08 7.32392300e+06 1.85856000e+05 2.17250600e+06
 1.31952570e+07 3.12288000e+05 1.47440000e+05 2.72391000e+05
 5.71544000e+05],,,,,,,
0,66,19536,,,,,,,,,,,,,[1.7449885e+08 5.3647910e+06 7.2954000e+04 2.7488090e+06 1.2728165e+07
 2.0307700e+05 2.2953000e+05 3.0281400e+05 4.5903100e+05],,,,,,,
0,67,19832,,,,,,,,,,,,,[1.74583589e+08 5.26698000e+06 8.60260000e+04 2.50458500e+06
 1.29823440e+07 1.93122000e+05 1.68254000e+05 3.44804000e+05
 4.78317000e+05],,,,,,,
0,68,20128,,,,,,,,,,,,,[1.75128611e+08 4.73603200e+06 7.19520000e+04 2.90817800e+06
 1.26333790e+07 1.38494000e+05 2.01409000e+05 3.59238000e+05
 4.30728000e+05],,,,,,,
0,69,20424,,,,,,,,,,,,,[1.7637587e+08 3.4567000e+06 1.0402500e+05 4.2990260e+06 1.1174461e+07
 2.0656400e+05 1.7866200e+05 3.1459100e+05 4.9812200e+05],,,,,,,
0,70,20720,,,,,,,,,,,,,[1.76430324e+08 3.41727300e+06 8.89980000e+04 4.39159500e+06
 1.10911220e+07 1.97334000e+05 1.85934000e+05 3.49132000e+05
 4.56309000e+05],,,,,,,
0,71,21016,,,,,,,,,,,,,[1.75612684e+08 4.25061800e+06 7.32930000e+04 2.83698800e+06
 1.26970000e+07 1.46063000e+05 1.87241000e+05 3.64519000e+05
 4.39615000e+05],,,,,,,
0,72,21312,,,,,,,,,,,,,[1.7500075e+08 4.7468790e+06 1.8896600e+05 2.6513600e+06 1.2730864e+07
 2.9782700e+05 1.4707400e+05 2.7702100e+05 5.6728000e+05],,,,,,,
0,73,21608,,,,,,,,,,,,,[1.75437081e+08 4.31396400e+06 1.85550000e+05 3.03860800e+06
 1.22882400e+07 3.53203000e+05 1.55982000e+05 2.35213000e+05
 6.00180000e+05],,,,,,,
0,74,21904,,,,,,,,,,,,,[1.76612755e+08 3.24959000e+06 7.42500000e+04 3.54974900e+06
 1.19096550e+07 2.20647000e+05 2.09413000e+05 2.79869000e+05
 5.02093000e+05],,,,,,,
0,75,22200,,,,,,,,,,,,,[1.7638016e+08 3.4105920e+06 1.4584300e+05 3.1386570e+06 1.2277758e+07
 2.6363600e+05 1.6735100e+05 2.6060500e+05 5.6341900e+05],,,,,,,
0,76,22496,,,,,,,,,,,,,[1.77339796e+08 2.48159800e+06 1.15201000e+05 3.93580900e+06
 1.13745170e+07 3.69725000e+05 1.93436000e+05 1.86935000e+05
 6.11004000e+05],,,,,,,
0,77,22792,,,,,,,,,,,,,[1.76315725e+08 3.48521700e+06 1.35653000e+05 3.42330500e+06
 1.19363400e+07 3.20406000e+05 1.82871000e+05 2.10265000e+05
 5.98239000e+05],,,,,,,
0,78,23088,,,,,,,,,,,,,[1.76191797e+08 3.56609200e+06 1.78706000e+05 3.35935400e+06
 1.19787560e+07 3.41941000e+05 1.53466000e+05 2.15332000e+05
 6.22577000e+05],,,,,,,
0,79,23384,,,,,,,,,,,,,[1.7618908e+08 3.6146910e+06 1.3282400e+05 2.8178560e+06 1.2582075e+07
 2.8012000e+05 1.8116100e+05 2.3610600e+05 5.7410800e+05],,,,,,,
0,80,23680,,,,,,,,,,,,,[1.76801208e+08 3.00699000e+06 1.28397000e+05 3.55867400e+06
 1.18587270e+07 2.62650000e+05 1.84409000e+05 2.51917000e+05
 5.55049000e+05],,,,,,,
0,81,23976,,,,,,,,,,,,,[1.77731712e+08 2.12053000e+06 8.43530000e+04 4.27323100e+06
 1.11106850e+07 2.96135000e+05 2.35006000e+05 1.99757000e+05
 5.56612000e+05],,,,,,,
0,82,24272,,,,,,,,,,,,,[1.76764435e+08 3.05939400e+06 1.12766000e+05 3.39066400e+06
 1.19776580e+07 3.11729000e+05 2.03310000e+05 1.96889000e+05
 5.91176000e+05],,,,,,,
0,83,24568,,,,,,,,,,,,,[1.73602581e+08 6.19640300e+06 1.37611000e+05 2.04664100e+06
 1.33509270e+07 2.82483000e+05 1.72232000e+05 2.36428000e+05
 5.82715000e+05],,,,,,,
0,84,24864,,,,,,,,,,,,,[1.76639545e+08 3.15562600e+06 1.41424000e+05 3.05025300e+06
 1.23461380e+07 2.83660000e+05 1.82782000e+05 2.29650000e+05
 5.78943000e+05],,,,,,,
0,85,25160,,,,,,,,,,,,,[1.7468715e+08 5.1392080e+06 1.1023700e+05 2.6494810e+06 1.2745075e+07
 2.8549500e+05 1.8040700e+05 2.2735200e+05 5.8361600e+05],,,,,,,
0,86,25456,,,,,,,,,,,,,[1.76882437e+08 2.94261100e+06 1.11547000e+05 3.10252700e+06
 1.23648630e+07 2.12661000e+05 1.92848000e+05 2.64080000e+05
 5.34447000e+05],,,,,,,
0,87,25752,,,,,,,,,,,,,[1.74132555e+08 5.66737700e+06 1.36663000e+05 2.11618000e+06
 1.33714250e+07 1.92446000e+05 1.52293000e+05 3.19870000e+05
 5.19212000e+05],,,,,,,
0,88,26048,,,,,,,,,,,,,[1.77161011e+08 2.65396500e+06 1.21619000e+05 3.47931200e+06
 1.19641210e+07 2.36618000e+05 1.83797000e+05 2.64062000e+05
 5.43516000e+05],,,,,,,
0,89,26344,,,,,,,,,,,,,[1.73232371e+08 6.53001500e+06 1.74209000e+05 1.74607600e+06
 1.36814780e+07 2.52497000e+05 1.46869000e+05 2.62518000e+05
 5.81988000e+05],,,,,,,
0,90,26640,,,,,,,,,,,,,[1.73333097e+08 6.57967000e+06 2.38280000e+04 4.39484700e+06
 1.12075730e+07 7.76310000e+04 1.88073000e+05 4.90019000e+05
 3.13283000e+05],,,,,,,
0,91,26936,,,,,,,,,,,,,[1.75249309e+08 4.53436200e+06 1.52924000e+05 3.44816500e+06
 1.18890440e+07 3.42842000e+05 1.62354000e+05 2.12528000e+05
 6.16493000e+05],,,,,,,
0,92,27232,,,,,,,,,,,,,[1.77309609e+08 2.55899600e+06 6.79900000e+04 4.14128700e+06
 1.13154610e+07 2.23303000e+05 2.14749000e+05 2.42536000e+05
 5.34090000e+05],,,,,,,
0,93,27528,,,,,,,,,,,,,[1.76312562e+08 3.46969300e+06 1.54340000e+05 2.96073300e+06
 1.24461180e+07 2.73200000e+05 1.58951000e+05 2.48725000e+05
 5.83699000e+05],,,,,,,
0,94,27824,,,,,,,,,,,,,[1.76429658e+08 3.35090600e+06 1.56031000e+05 3.27959700e+06
 1.21876680e+07 2.12786000e+05 1.68177000e+05 2.63880000e+05
 5.59318000e+05],,,,,,,
0,95,28120,,,,,,,,,,,,,[1.75836336e+08 3.99468600e+06 1.05573000e+05 2.62101900e+06
 1.28628740e+07 1.96158000e+05 1.84370000e+05 2.75974000e+05
 5.31031000e+05],,,,,,,
0,96,28416,,,,,,,,,,,,,[1.76432135e+08 3.35999100e+06 1.44469000e+05 3.37970700e+06
 1.20825010e+07 2.17843000e+05 1.63270000e+05 2.74415000e+05
 5.53690000e+05],,,,,,,
0,97,28712,,,,,,,,,,,,,[1.75444461e+08 4.36749000e+06 1.24644000e+05 3.11885700e+06
 1.24007860e+07 1.60408000e+05 1.53532000e+05 3.40476000e+05
 4.97367000e+05],,,,,,,
0,98,29008,,,,,,,,,,,,,[1.73888631e+08 5.93348800e+06 1.14476000e+05 2.27444100e+06
 1.32154500e+07 1.90160000e+05 1.46657000e+05 3.22541000e+05
 5.22177000e+05],,,,,,,
0,99,29304,,,,,,,,,,,,,[1.74961936e+08 4.75888600e+06 2.15773000e+05 2.44686600e+06
 1.29280500e+07 3.05135000e+05 1.56858000e+05 2.09310000e+05
 6.25207000e+05],,,,,,,
0,100,29600,,,,,,,,,,,,,[1.76816192e+08 2.98687300e+06 1.33530000e+05 3.39095700e+06
 1.20646890e+07 2.24405000e+05 1.59171000e+05 2.61733000e+05
 5.70471000e+05],,,,,,,
0,101,29896,,,,,,,,,,,,,[1.76400892e+08 3.43354000e+06 1.02163000e+05 2.75909700e+06
 1.27233180e+07 1.97636000e+05 1.94438000e+05 2.55597000e+05
 5.41340000e+05],,,,,,,
0,102,30192,,,,,,,,,,,,,[1.76788108e+08 3.02157800e+06 1.26909000e+05 3.00159500e+06
 1.24524430e+07 2.26013000e+05 1.67213000e+05 2.48220000e+05
 5.75942000e+05],,,,,,,
0,103,30488,,,,,,,,,,,,,[1.7738103e+08 2.4318520e+06 1.2371300e+05 3.2149370e+06 1.2204482e+07
 2.6063200e+05 1.8406400e+05 2.1763500e+05 5.8967600e+05],,,,,,,
0,104,30784,,,,,,,,,,,,,[1.76681226e+08 3.11395700e+06 1.41412000e+05 2.91880900e+06
 1.25071890e+07 2.54053000e+05 1.68524000e+05 2.22752000e+05
 6.00099000e+05],,,,,,,
0,105,31080,,,,,,,,,,,,,[1.75477577e+08 4.33172400e+06 1.27294000e+05 2.46594500e+06
 1.29944270e+07 2.19679000e+05 1.82374000e+05 2.51487000e+05
 5.57514000e+05],,,,,,,
0,106,31376,,,,,,,,,,,,,[1.77245545e+08 2.60544500e+06 8.56050000e+04 3.60021500e+06
 1.18283970e+07 2.51439000e+05 2.14131000e+05 2.18945000e+05
 5.58299000e+05],,,,,,,
0,107,31672,,,,,,,,,,,,,[1.76013172e+08 3.73194600e+06 1.91477000e+05 2.44172000e+06
 1.29250610e+07 3.13270000e+05 1.48788000e+05 1.95467000e+05
 6.47120000e+05],,,,,,,
0,108,31968,,,,,,,,,,,,,[1.75793452e+08 3.95554200e+06 1.87601000e+05 2.39145900e+06
 1.29690170e+07 3.19575000e+05 1.52924000e+05 1.96234000e+05
 6.42217000e+05],,,,,,,
0,109,32264,,,,,,,,,,,,,[1.76905621e+08 2.86291900e+06 1.68055000e+05 2.72834400e+06
 1.26478250e+07 3.03882000e+05 1.60946000e+05 1.90375000e+05
 6.40054000e+05],,,,,,,
0,110,32560,,,,,,,,,,,,,[1.77137661e+08 2.69537000e+06 1.03564000e+05 2.95050600e+06
 1.24950420e+07 2.34503000e+05 1.96656000e+05 2.16615000e+05
 5.78104000e+05],,,,,,,
0,111,32856,,,,,,,,,,,,,[1.7579409e+08 3.9699820e+06 1.7252300e+05 2.2628310e+06 1.3153604e+07
 2.6361600e+05 1.6753800e+05 2.0990700e+05 6.1393000e+05],,,,,,,
0,112,33152,,,,,,,,,,,,,[1.75141424e+08 4.60334800e+06 1.91823000e+05 2.03863100e+06
 1.33793060e+07 2.62114000e+05 1.36013000e+05 2.23990000e+05
 6.31372000e+05],,,,,,,
0,113,33448,,,,,,,,,,,,,[1.75089956e+08 4.70988700e+06 1.36752000e+05 2.63215100e+06
 1.28255230e+07 2.22377000e+05 1.74810000e+05 2.41747000e+05
 5.74818000e+05],,,,,,,
0,114,33744,,,,,,,,,,,,,[1.77164016e+08 2.67487200e+06 9.77070000e+04 2.90367200e+06
 1.25789820e+07 1.97397000e+05 1.88915000e+05 2.55741000e+05
 5.46719000e+05],,,,,,,
0,115,34040,,,,,,,,,,,,,[1.77478473e+08 2.35972700e+06 9.83950000e+04 3.23067800e+06
 1.21726180e+07 2.76755000e+05 2.00267000e+05 1.98222000e+05
 5.92886000e+05],,,,,,,
0,116,34336,,,,,,,,,,,,,[1.75636767e+08 4.10480900e+06 1.95019000e+05 2.05599700e+06
 1.33119720e+07 3.12082000e+05 1.44662000e+05 1.93115000e+05
 6.53598000e+05],,,,,,,
0,117,34632,,,,,,,,,,,,,[1.75972416e+08 3.80986000e+06 1.54319000e+05 2.28434300e+06
 1.32037210e+07 1.91987000e+05 1.62660000e+05 2.69018000e+05
 5.59697000e+05],,,,,,,
0,118,34928,,,,,,,,,,,,,[1.7647118e+08 3.3022950e+06 1.6312000e+05 2.4169780e+06 1.3046176e+07
 2.1689700e+05 1.5985300e+05 2.3796500e+05 5.9355700e+05],,,,,,,
0,119,35224,,,,,,,,,,,,,[1.77739089e+08 2.09303800e+06 1.04468000e+05 3.31564800e+06
 1.21087370e+07 2.55666000e+05 1.86067000e+05 2.12164000e+05
 5.93144000e+05],,,,,,,
0,120,35520,,,,,,,,,,,,,[1.7619225e+08 3.5825030e+06 1.6184200e+05 2.4176570e+06 1.3051217e+07
 2.1117700e+05 1.6845400e+05 2.3642700e+05 5.8649400e+05],,,,,,,
0,121,35816,,,,,,,,,,,,,[1.77319748e+08 2.51741100e+06 9.94360000e+04 3.08251000e+06
 1.24059400e+07 1.91601000e+05 2.08639000e+05 2.39966000e+05
 5.42770000e+05],,,,,,,
0,122,36112,,,,,,,,,,,,,[1.77122698e+08 2.71771800e+06 9.61790000e+04 2.61714400e+06
 1.28802200e+07 1.82687000e+05 1.87715000e+05 2.57066000e+05
 5.46594000e+05],,,,,,,
0,123,36408,,,,,,,,,,,,,[1.76863625e+08 2.93793800e+06 1.35032000e+05 2.44921200e+06
 1.30158870e+07 2.14952000e+05 1.62319000e+05 2.34138000e+05
 5.94918000e+05],,,,,,,
0,124,36704,,,,,,,,,,,,,[1.75786446e+08 4.02175800e+06 1.28391000e+05 2.02699100e+06
 1.34851160e+07 1.67944000e+05 1.56951000e+05 2.82627000e+05
 5.51797000e+05],,,,,,,
0,125,37000,,,,,,,,,,,,,[1.77079559e+08 2.73199000e+06 1.25046000e+05 2.65465100e+06
 1.28006280e+07 2.24772000e+05 1.85666000e+05 2.25127000e+05
 5.80582000e+05],,,,,,,
0,126,37296,,,,,,,,,,,,,[1.74585537e+08 5.16082500e+06 1.90233000e+05 1.67572600e+06
 1.38102660e+07 1.94059000e+05 1.24804000e+05 2.69080000e+05
 5.97491000e+05],,,,,,,
0,127,37592,,,,,,,,,,,,,[1.77384911e+08 2.43167500e+06 1.20009000e+05 3.01208200e+06
 1.24571190e+07 2.10850000e+05 1.66648000e+05 2.48150000e+05
 5.76577000e+05],,,,,,,
0,128,37888,,,,,,,,,,,,,[1.75870664e+08 3.90129600e+06 1.64635000e+05 2.04773200e+06
 1.34235590e+07 2.08760000e+05 1.35736000e+05 2.61743000e+05
 5.93896000e+05],,,,,,,
0,129,38184,,,,,,,,,,,,,[1.77000516e+08 2.85659700e+06 7.94820000e+04 2.81632700e+06
 1.26153570e+07 2.48367000e+05 2.23188000e+05 1.94186000e+05
 5.74001000e+05],,,,,,,
0,130,38480,,,,,,,,,,,,,[1.7709161e+08 2.6919190e+06 1.5306600e+05 2.9534550e+06 1.2480570e+07
 2.4602600e+05 1.6720800e+05 2.2219800e+05 6.0196900e+05],,,,,,,
0,131,38776,,,,,,,,,,,,,[1.77649076e+08 2.21723800e+06 7.02810000e+04 3.06744200e+06
 1.24006110e+07 2.11998000e+05 2.07747000e+05 2.29187000e+05
 5.54441000e+05],,,,,,,
0,132,39072,,,,,,,,,,,,,[1.75435312e+08 4.32489700e+06 1.76386000e+05 2.07719600e+06
 1.33630560e+07 2.39799000e+05 1.26475000e+05 2.37221000e+05
 6.27679000e+05],,,,,,,
0,133,39368,,,,,,,,,,,,,[1.76878924e+08 2.99444300e+06 6.32280000e+04 2.45842300e+06
 1.30942720e+07 1.27356000e+05 2.00676000e+05 3.09567000e+05
 4.81132000e+05],,,,,,,
0,134,39664,,,,,,,,,,,,,[1.77592229e+08 2.22397700e+06 1.20389000e+05 3.08209300e+06
 1.23923280e+07 2.05630000e+05 1.88346000e+05 2.25541000e+05
 5.77488000e+05],,,,,,,
0,135,39960,,,,,,,,,,,,,[1.75612365e+08 4.16373200e+06 1.60498000e+05 2.15147800e+06
 1.33001810e+07 2.28392000e+05 1.60105000e+05 2.22798000e+05
 6.08472000e+05],,,,,,,
0,136,40256,,,,,,,,,,,,,[1.75404163e+08 4.40309300e+06 1.29339000e+05 1.82113400e+06
 1.36251120e+07 2.33805000e+05 1.70148000e+05 2.14036000e+05
 6.07191000e+05],,,,,,,
0,137,40552,,,,,,,,,,,,,[1.76306026e+08 3.50045100e+06 1.30118000e+05 2.09281100e+06
 1.33910380e+07 1.96202000e+05 1.56132000e+05 2.50715000e+05
 5.84528000e+05],,,,,,,
0,138,40848,,,,,,,,,,,,,[1.76139191e+08 3.67740800e+06 1.19996000e+05 2.32900200e+06
 1.31739760e+07 1.77073000e+05 1.72319000e+05 2.56992000e+05
 5.62064000e+05],,,,,,,
0,139,41144,,,,,,,,,,,,,[1.77018113e+08 2.80372100e+06 1.14761000e+05 2.65411600e+06
 1.27832190e+07 2.42716000e+05 1.89279000e+05 2.02044000e+05
 6.00052000e+05],,,,,,,
0,140,41440,,,,,,,,,,,,,[1.7726177e+08 2.5857710e+06 8.9054000e+04 2.8063650e+06 1.2694001e+07
 1.7968500e+05 2.0611400e+05 2.4932300e+05 5.3593800e+05],,,,,,,
0,141,41736,,,,,,,,,,,,,[1.77394597e+08 2.43154800e+06 1.10450000e+05 2.79808100e+06
 1.26284220e+07 2.53548000e+05 1.82691000e+05 2.01906000e+05
 6.06778000e+05],,,,,,,
0,142,42032,,,,,,,,,,,,,[1.76472449e+08 3.25262500e+06 2.11521000e+05 2.23563900e+06
 1.32063420e+07 2.38070000e+05 1.48157000e+05 2.19809000e+05
 6.23409000e+05],,,,,,,
0,143,42328,,,,,,,,,,,,,[1.76613977e+08 3.20775500e+06 1.14863000e+05 2.62631000e+06
 1.28663820e+07 1.87359000e+05 1.86425000e+05 2.45056000e+05
 5.59894000e+05],,,,,,,
0,144,42624,,,,,,,,,,,,,[1.74395448e+08 5.40183800e+06 1.39309000e+05 1.82271700e+06
 1.36902640e+07 1.67070000e+05 1.47579000e+05 2.79122000e+05
 5.64674000e+05],,,,,,,
0,145,42920,,,,,,,,,,,,,[1.76814226e+08 3.00944400e+06 1.12925000e+05 2.42789600e+06
 1.30558020e+07 1.96353000e+05 1.80606000e+05 2.33160000e+05
 5.77609000e+05],,,,,,,
0,146,43216,,,,,,,,,,,,,[1.76908995e+08 2.87786200e+06 1.49738000e+05 2.40428700e+06
 1.30664700e+07 2.09294000e+05 1.63041000e+05 2.34498000e+05
 5.93836000e+05],,,,,,,
0,147,43512,,,,,,,,,,,,,[1.75663124e+08 4.14066500e+06 1.32806000e+05 1.79327000e+06
 1.36786720e+07 2.08109000e+05 1.53793000e+05 2.38669000e+05
 5.98913000e+05],,,,,,,
0,148,43808,,,,,,,,,,,,,[1.76730272e+08 3.06707400e+06 1.39249000e+05 2.35050300e+06
 1.31479330e+07 1.81615000e+05 1.68983000e+05 2.53592000e+05
 5.68800000e+05],,,,,,,
0,149,44104,,,,,,,,,,,,,[1.75690685e+08 4.10730600e+06 1.38604000e+05 1.95362800e+06
 1.34778250e+07 2.48598000e+05 1.69720000e+05 1.96185000e+05
 6.25470000e+05],,,,,,,
0,150,44400,,,,,,,,,,,,,[1.76685752e+08 3.10641500e+06 1.44428000e+05 2.40871500e+06
 1.30145650e+07 2.56771000e+05 1.73801000e+05 1.96960000e+05
 6.20614000e+05],,,,,,,
0,151,44696,,,,,,,,,,,,,[1.7656702e+08 3.2573070e+06 1.1226800e+05 2.4686990e+06 1.3013076e+07
 1.9827600e+05 1.7837000e+05 2.3795600e+05 5.7504900e+05],,,,,,,
0,152,44992,,,,,,,,,,,,,[1.7653393e+08 3.2290350e+06 1.7363000e+05 2.1114780e+06 1.3344040e+07
 2.2453300e+05 1.4795800e+05 2.1970600e+05 6.2371100e+05],,,,,,,
0,153,45288,,,,,,,,,,,,,[1.77421781e+08 2.39633200e+06 1.18482000e+05 2.54734700e+06
 1.29238810e+07 2.08823000e+05 1.77380000e+05 2.18633000e+05
 5.95362000e+05],,,,,,,
0,154,45584,,,,,,,,,,,,,[1.7656801e+08 3.2371650e+06 1.3142000e+05 2.1492030e+06 1.3347407e+07
 1.8344100e+05 1.6735000e+05 2.4358000e+05 5.8044500e+05],,,,,,,
0,155,45880,,,,,,,,,,,,,[1.76878681e+08 2.91191900e+06 1.45995000e+05 2.23735800e+06
 1.32106390e+07 2.32054000e+05 1.58255000e+05 2.09680000e+05
 6.23440000e+05],,,,,,,
0,156,46176,,,,,,,,,,,,,[1.77086657e+08 2.68799300e+06 1.61945000e+05 2.37188600e+06
 1.30346530e+07 2.73512000e+05 1.62204000e+05 1.83448000e+05
 6.45723000e+05],,,,,,,
0,157,46472,,,,,,,,,,,,,[1.76848067e+08 2.88736000e+06 2.01168000e+05 2.23568300e+06
 1.31668600e+07 2.77508000e+05 1.55115000e+05 1.77612000e+05
 6.58648000e+05],,,,,,,
0,158,46768,,,,,,,,,,,,,[1.76760015e+08 3.02440800e+06 1.52172000e+05 2.21692500e+06
 1.32529490e+07 2.10177000e+05 1.61111000e+05 2.28640000e+05
 6.01624000e+05],,,,,,,
0,159,47064,,,,,,,,,,,,,[1.77249122e+08 2.58975900e+06 9.77140000e+04 2.60934400e+06
 1.28651150e+07 2.05592000e+05 2.06687000e+05 2.20790000e+05
 5.63898000e+05],,,,,,,
0,160,47360,,,,,,,,,,,,,[1.76265695e+08 3.53636300e+06 1.34537000e+05 2.18855000e+06
 1.32503690e+07 2.41132000e+05 1.56399000e+05 2.12261000e+05
 6.22715000e+05],,,,,,,
0,161,47656,,,,,,,,,,,,,[1.75139804e+08 4.64961200e+06 1.47179000e+05 1.90098700e+06
 1.35981160e+07 1.80948000e+05 1.63817000e+05 2.37423000e+05
 5.90135000e+05],,,,,,,
0,162,47952,,,,,,,,,,,,,[1.7608117e+08 3.6971750e+06 1.5825000e+05 1.9696200e+06 1.3486968e+07
 2.2346300e+05 1.4036500e+05 2.1808000e+05 6.3293000e+05],,,,,,,
0,163,48248,,,,,,,,,,,,,[1.77702518e+08 2.11763300e+06 1.16444000e+05 2.67089400e+06
 1.28056340e+07 2.03523000e+05 1.87760000e+05 2.09348000e+05
 5.94267000e+05],,,,,,,
0,164,48544,,,,,,,,,,,,,[1.7733869e+08 2.4134360e+06 1.8446900e+05 2.5400250e+06 1.2860427e+07
 2.7959900e+05 1.5325000e+05 1.7262400e+05 6.6550100e+05],,,,,,,
0,165,48840,,,,,,,,,,,,,[1.76844276e+08 2.91780600e+06 1.74513000e+05 2.12820200e+06
 1.33540320e+07 1.97817000e+05 1.40791000e+05 2.29536000e+05
 6.21048000e+05],,,,,,,
0,166,49136,,,,,,,,,,,,,[1.76984705e+08 2.78294900e+06 1.68941000e+05 2.38928000e+06
 1.30817450e+07 2.09026000e+05 1.60462000e+05 2.19498000e+05
 6.11415000e+05],,,,,,,
0,167,49432,,,,,,,,,,,,,[1.77221385e+08 2.57968700e+06 1.35523000e+05 2.36528900e+06
 1.31088260e+07 2.05936000e+05 1.81141000e+05 2.12701000e+05
 5.97533000e+05],,,,,,,
0,168,49728,,,,,,,,,,,,,[1.77886772e+08 1.87537300e+06 1.74450000e+05 2.99971800e+06
 1.23464360e+07 3.33897000e+05 1.72120000e+05 1.45073000e+05
 6.74182000e+05],,,,,,,
0,169,50024,,,,,,,,,,,,,[1.77835879e+08 2.00925600e+06 9.14600000e+04 3.14808800e+06
 1.23363260e+07 1.95637000e+05 2.05353000e+05 2.18416000e+05
 5.67606000e+05],,,,,,,
0,170,50320,,,,,,,,,,,,,[1.78073845e+08 1.75562400e+06 1.07126000e+05 3.08030300e+06
 1.23964640e+07 2.03284000e+05 1.93722000e+05 2.08266000e+05
 5.89387000e+05],,,,,,,
0,171,50616,,,,,,,,,,,,,[1.76854053e+08 2.90097900e+06 1.81563000e+05 2.22548300e+06
 1.31974730e+07 2.57095000e+05 1.42907000e+05 1.93034000e+05
 6.55434000e+05],,,,,,,
0,172,50912,,,,,,,,,,,,,[1.7680137e+08 2.9969690e+06 1.3825600e+05 2.1809100e+06 1.3308209e+07
 1.9093200e+05 1.6657600e+05 2.3031400e+05 5.9448500e+05],,,,,,,
0,173,51208,,,,,,,,,,,,,[1.7732216e+08 2.4548330e+06 1.5960200e+05 2.4002420e+06 1.2999227e+07
 2.8058200e+05 1.6807300e+05 1.6560400e+05 6.5769800e+05],,,,,,,
0,174,51504,,,,,,,,,,,,,[1.77807619e+08 2.01716500e+06 1.11811000e+05 2.79565200e+06
 1.27047890e+07 1.79610000e+05 1.91766000e+05 2.29069000e+05
 5.70540000e+05],,,,,,,
0,175,51800,,,,,,,,,,,,,[1.7747919e+08 2.3293380e+06 1.2806700e+05 2.5397890e+06 1.2902953e+07
 2.3730900e+05 1.8065300e+05 1.8428400e+05 6.2643800e+05],,,,,,,
0,176,52096,,,,,,,,,,,,,[1.77061544e+08 2.70663400e+06 1.68417000e+05 2.16692100e+06
 1.32612460e+07 2.51884000e+05 1.41264000e+05 1.84148000e+05
 6.65963000e+05],,,,,,,
0,177,52392,,,,,,,,,,,,,[1.77254784e+08 2.52301000e+06 1.58801000e+05 2.33567100e+06
 1.31478280e+07 1.96552000e+05 1.58477000e+05 2.15982000e+05
 6.16916000e+05],,,,,,,
0,178,52688,,,,,,,,,,,,,[1.76141863e+08 3.58062800e+06 2.14104000e+05 1.84953900e+06
 1.35649810e+07 2.65531000e+05 1.36886000e+05 1.86752000e+05
 6.67737000e+05],,,,,,,
0,179,52984,,,,,,,,,,,,,[1.77293195e+08 2.48990200e+06 1.53498000e+05 2.26100800e+06
 1.31978790e+07 2.21164000e+05 1.53978000e+05 2.10085000e+05
 6.27312000e+05],,,,,,,
0,180,53280,,,,,,,,,,,,,[1.76322315e+08 3.39225700e+06 2.22023000e+05 1.89447700e+06
 1.34940180e+07 2.91556000e+05 1.37471000e+05 1.64901000e+05
 6.89003000e+05],,,,,,,
0,181,53576,,,,,,,,,,,,,[1.76426027e+08 3.36104900e+06 1.49519000e+05 1.97818600e+06
 1.34947480e+07 2.07117000e+05 1.61121000e+05 2.22003000e+05
 6.08251000e+05],,,,,,,
0,182,53872,,,,,,,,,,,,,[1.7696370e+08 2.8452110e+06 1.2768400e+05 2.2121510e+06 1.3277266e+07
 1.9063400e+05 1.7303800e+05 2.1524400e+05 6.0309300e+05],,,,,,,
0,183,54168,,,,,,,,,,,,,[1.76687503e+08 3.11592900e+06 1.33163000e+05 1.97272800e+06
 1.35326400e+07 1.74683000e+05 1.63211000e+05 2.26525000e+05
 6.01639000e+05],,,,,,,
0,184,54464,,,,,,,,,,,,,[1.77329402e+08 2.46548200e+06 1.41711000e+05 2.27578100e+06
 1.31760910e+07 2.28179000e+05 1.63015000e+05 1.96035000e+05
 6.32325000e+05],,,,,,,
0,185,54760,,,,,,,,,,,,,[1.76741114e+08 3.05236400e+06 1.43117000e+05 1.99601600e+06
 1.34789980e+07 2.05037000e+05 1.49324000e+05 2.22697000e+05
 6.19354000e+05],,,,,,,
0,186,55056,,,,,,,,,,,,,[1.76151151e+08 3.66030000e+06 1.25144000e+05 1.95301400e+06
 1.34961640e+07 2.30873000e+05 1.72571000e+05 1.89702000e+05
 6.29102000e+05],,,,,,,
0,187,55352,,,,,,,,,,,,,[1.75952104e+08 3.79228400e+06 1.92207000e+05 1.84270600e+06
 1.36106870e+07 2.26658000e+05 1.42257000e+05 1.93295000e+05
 6.55823000e+05],,,,,,,
0,188,55648,,,,,,,,,,,,,[1.77212226e+08 2.57380900e+06 1.50560000e+05 2.32133300e+06
 1.31493310e+07 2.09387000e+05 1.49710000e+05 2.18701000e+05
 6.22964000e+05],,,,,,,
0,189,55944,,,,,,,,,,,,,[1.77212617e+08 2.58740900e+06 1.36569000e+05 2.28120700e+06
 1.32089440e+07 1.89900000e+05 1.50639000e+05 2.20447000e+05
 6.20289000e+05],,,,,,,
0,190,56240,,,,,,,,,,,,,[1.76786327e+08 2.95628200e+06 1.93986000e+05 2.02870600e+06
 1.33966950e+07 2.54650000e+05 1.36216000e+05 1.79395000e+05
 6.75764000e+05],,,,,,,
0,191,56536,,,,,,,,,,,,,[1.77243784e+08 2.54604300e+06 1.46768000e+05 2.34609300e+06
 1.30856020e+07 2.48356000e+05 1.60740000e+05 1.77470000e+05
 6.53165000e+05],,,,,,,
0,192,56832,,,,,,,,,,,,,[1.76453817e+08 3.28996300e+06 1.92815000e+05 1.86464200e+06
 1.35372030e+07 2.78206000e+05 1.34167000e+05 1.73910000e+05
 6.83298000e+05],,,,,,,
0,193,57128,,,,,,,,,,,,,[1.76367041e+08 3.37870800e+06 1.90846000e+05 1.82048400e+06
 1.36154850e+07 2.44082000e+05 1.41453000e+05 1.87677000e+05
 6.62245000e+05],,,,,,,
0,194,57424,,,,,,,,,,,,,[1.76676931e+08 3.08761200e+06 1.72052000e+05 2.06904300e+06
 1.34078450e+07 2.03163000e+05 1.38247000e+05 2.14597000e+05
 6.38531000e+05],,,,,,,
0,195,57720,,,,,,,,,,,,,[1.77275973e+08 2.52747900e+06 1.33143000e+05 2.28737200e+06
 1.32416170e+07 1.51062000e+05 1.63551000e+05 2.50669000e+05
 5.77155000e+05],,,,,,,
0,196,58016,,,,,,,,,,,,,[1.77746399e+08 2.09417100e+06 9.60250000e+04 2.47320200e+06
 1.30043500e+07 2.02499000e+05 1.85066000e+05 1.98416000e+05
 6.07893000e+05],,,,,,,
0,197,58312,,,,,,,,,,,,,[1.77198558e+08 2.59251400e+06 1.45523000e+05 2.18089300e+06
 1.32999320e+07 1.99226000e+05 1.60695000e+05 2.10650000e+05
 6.20030000e+05],,,,,,,
0,198,58608,,,,,,,,,,,,,[1.76968588e+08 2.80087700e+06 1.67130000e+05 2.16000000e+06
 1.33144740e+07 2.05577000e+05 1.54613000e+05 2.03943000e+05
 6.32819000e+05],,,,,,,
0,199,58904,,,,,,,,,,,,,[1.77261706e+08 2.49393000e+06 1.80959000e+05 2.19428000e+06
 1.32641310e+07 2.21640000e+05 1.44245000e+05 1.93484000e+05
 6.53646000e+05],,,,,,,
0,200,59200,,,,,,,,,,,,,[1.78054353e+08 1.76508300e+06 1.17159000e+05 2.84700300e+06
 1.26043970e+07 2.28651000e+05 1.71212000e+05 1.89672000e+05
 6.30491000e+05],,,,,,,
0,201,59496,,,,,,,,,,,,,[1.77122545e+08 2.64340200e+06 1.70648000e+05 2.18736400e+06
 1.32522950e+07 2.40392000e+05 1.57575000e+05 1.83943000e+05
 6.49857000e+05],,,,,,,
0,202,59792,,,,,,,,,,,,,[1.77934133e+08 1.87658500e+06 1.25877000e+05 2.76593500e+06
 1.27336580e+07 1.80458000e+05 1.66886000e+05 2.18097000e+05
 6.06392000e+05],,,,,,,
0,203,60088,,,,,,,,,,,,,[1.78014922e+08 1.78236200e+06 1.39311000e+05 2.76679600e+06
 1.26557580e+07 2.57497000e+05 1.69027000e+05 1.66218000e+05
 6.56130000e+05],,,,,,,
0,204,60384,,,,,,,,,,,,,[1.77622828e+08 2.16347000e+06 1.50297000e+05 2.44436800e+06
 1.29983440e+07 2.37339000e+05 1.62136000e+05 1.77576000e+05
 6.51663000e+05],,,,,,,
0,205,60680,,,,,,,,,,,,,[1.76788689e+08 3.01922500e+06 1.28681000e+05 2.02604400e+06
 1.34510190e+07 2.02988000e+05 1.61145000e+05 2.05450000e+05
 6.24780000e+05],,,,,,,
0,206,60976,,,,,,,,,,,,,[1.76821225e+08 2.96429900e+06 1.51071000e+05 1.92396100e+06
 1.35694920e+07 1.86598000e+05 1.44393000e+05 2.25794000e+05
 6.21188000e+05],,,,,,,
0,207,61272,,,,,,,,,,,,,[1.76616423e+08 3.13252800e+06 1.87644000e+05 1.76719500e+06
 1.36918920e+07 2.20964000e+05 1.26020000e+05 1.97667000e+05
 6.67688000e+05],,,,,,,
0,208,61568,,,,,,,,,,,,,[1.77339265e+08 2.47131000e+06 1.26020000e+05 2.18615800e+06
 1.32814020e+07 2.12491000e+05 1.64999000e+05 1.96978000e+05
 6.29398000e+05],,,,,,,
0,209,61864,,,,,,,,,,,,,[1.76653655e+08 3.09228600e+06 1.90654000e+05 1.88059100e+06
 1.35765580e+07 2.22902000e+05 1.27090000e+05 1.99509000e+05
 6.64776000e+05],,,,,,,
0,210,62160,,,,,,,,,,,,,[1.77359702e+08 2.44007800e+06 1.36815000e+05 2.26493600e+06
 1.31827030e+07 2.32412000e+05 1.71704000e+05 1.73614000e+05
 6.46057000e+05],,,,,,,
0,211,62456,,,,,,,,,,,,,[1.76234277e+08 3.50072600e+06 2.01592000e+05 1.73859900e+06
 1.37414820e+07 1.99970000e+05 1.15503000e+05 2.14398000e+05
 6.61474000e+05],,,,,,,
0,212,62752,,,,,,,,,,,,,[1.77691095e+08 2.10073100e+06 1.44769000e+05 2.53280900e+06
 1.28966560e+07 2.50586000e+05 1.67909000e+05 1.60631000e+05
 6.62835000e+05],,,,,,,
0,213,63048,,,,,,,,,,,,,[1.76714751e+08 2.99892000e+06 2.22924000e+05 1.81837100e+06
 1.35982620e+07 2.63418000e+05 1.17749000e+05 1.64562000e+05
 7.09064000e+05],,,,,,,
0,214,63344,,,,,,,,,,,,,[1.77111761e+08 2.67556400e+06 1.49270000e+05 2.10422800e+06
 1.33660960e+07 2.09727000e+05 1.55148000e+05 1.95712000e+05
 6.40515000e+05],,,,,,,
0,215,63640,,,,,,,,,,,,,[1.77988447e+08 1.85397500e+06 9.41730000e+04 2.50705600e+06
 1.29849450e+07 1.88050000e+05 1.74967000e+05 2.00437000e+05
 6.15971000e+05],,,,,,,
0,216,63936,,,,,,,,,,,,,[1.76748475e+08 2.99533100e+06 1.92789000e+05 1.93903100e+06
 1.35299000e+07 2.11120000e+05 1.31659000e+05 2.04835000e+05
 6.54881000e+05],,,,,,,
0,217,64232,,,,,,,,,,,,,[1.77264503e+08 2.49692100e+06 1.75171000e+05 2.04130100e+06
 1.33982740e+07 2.40476000e+05 1.47210000e+05 1.72927000e+05
 6.71238000e+05],,,,,,,
0,218,64528,,,,,,,,,,,,,[1.76548344e+08 3.21567900e+06 1.72572000e+05 1.77320800e+06
 1.36695180e+07 2.37325000e+05 1.43777000e+05 1.78260000e+05
 6.69338000e+05],,,,,,,
0,219,64824,,,,,,,,,,,,,[1.76840884e+08 2.97951400e+06 1.16197000e+05 1.97461100e+06
 1.35694260e+07 1.36014000e+05 1.53747000e+05 2.65966000e+05
 5.71662000e+05],,,,,,,
0,220,65120,,,,,,,,,,,,,[1.77567689e+08 2.24741400e+06 1.21492000e+05 2.37516800e+06
 1.31253080e+07 1.79575000e+05 1.59502000e+05 2.20546000e+05
 6.11327000e+05],,,,,,,
0,221,65416,,,,,,,,,,,,,[1.77515256e+08 2.29918400e+06 1.22155000e+05 2.42225100e+06
 1.30656590e+07 1.92141000e+05 1.78080000e+05 1.99434000e+05
 6.13861000e+05],,,,,,,
0,222,65712,,,,,,,,,,,,,[1.78002426e+08 1.82559900e+06 1.08570000e+05 2.61299100e+06
 1.28588810e+07 2.08179000e+05 1.77398000e+05 1.89268000e+05
 6.24709000e+05],,,,,,,
0,223,66008,,,,,,,,,,,,,[1.76846342e+08 2.95007700e+06 1.40176000e+05 1.96452500e+06
 1.35042680e+07 2.11258000e+05 1.50574000e+05 1.95067000e+05
 6.45734000e+05],,,,,,,
0,224,66304,,,,,,,,,,,,,[1.76736527e+08 3.05644600e+06 1.43622000e+05 1.82981300e+06
 1.36248510e+07 2.25387000e+05 1.46591000e+05 1.86163000e+05
 6.58621000e+05],,,,,,,
0,225,66600,,,,,,,,,,,,,[1.77164358e+08 2.65652600e+06 1.15711000e+05 2.01349700e+06
 1.34760150e+07 1.90539000e+05 1.62087000e+05 2.04416000e+05
 6.24872000e+05],,,,,,,
0,226,66896,,,,,,,,,,,,,[1.77782169e+08 2.02486600e+06 1.29560000e+05 2.49926700e+06
 1.29847710e+07 1.96013000e+05 1.58651000e+05 1.96140000e+05
 6.36584000e+05],,,,,,,
0,227,67192,,,,,,,,,,,,,[1.78054717e+08 1.78491700e+06 9.69610000e+04 2.97395900e+06
 1.25304070e+07 1.75685000e+05 1.87049000e+05 2.09267000e+05
 5.95059000e+05],,,,,,,
0,228,67488,,,,,,,,,,,,,[1.77747465e+08 2.07435400e+06 1.14776000e+05 2.58795400e+06
 1.29330560e+07 1.59041000e+05 1.66632000e+05 2.31228000e+05
 5.93515000e+05],,,,,,,
0,229,67784,,,,,,,,,,,,,[1.77820768e+08 2.00582900e+06 1.09998000e+05 2.55636300e+06
 1.29413350e+07 1.82353000e+05 1.66729000e+05 2.10830000e+05
 6.13816000e+05],,,,,,,
0,230,68080,,,,,,,,,,,,,[1.77066104e+08 2.69155300e+06 1.78938000e+05 2.20906200e+06
 1.32331140e+07 2.37875000e+05 1.38190000e+05 1.73999000e+05
 6.79186000e+05],,,,,,,
0,231,68376,,,,,,,,,,,,,[1.78321146e+08 1.52392200e+06 9.15270000e+04 2.99020200e+06
 1.25082030e+07 1.81646000e+05 1.93442000e+05 1.96433000e+05
 6.01500000e+05],,,,,,,
0,232,68672,,,,,,,,,,,,,[1.77480648e+08 2.31416300e+06 1.41784000e+05 2.33726400e+06
 1.31262620e+07 2.16525000e+05 1.69762000e+05 1.80539000e+05
 6.41074000e+05],,,,,,,
0,233,68968,,,,,,,,,,,,,[1.77409463e+08 2.38210400e+06 1.45028000e+05 2.20499700e+06
 1.32783570e+07 1.96697000e+05 1.49400000e+05 2.06992000e+05
 6.34983000e+05],,,,,,,
0,234,69264,,,,,,,,,,,,,[1.77164598e+08 2.57105000e+06 2.00947000e+05 2.06831200e+06
 1.33508500e+07 2.60889000e+05 1.28171000e+05 1.60312000e+05
 7.02892000e+05],,,,,,,
0,235,69560,,,,,,,,,,,,,[1.78512206e+08 1.29483500e+06 1.29554000e+05 3.15344600e+06
 1.22712970e+07 2.55308000e+05 1.57586000e+05 1.57508000e+05
 6.76281000e+05],,,,,,,
0,236,69856,,,,,,,,,,,,,[1.77917812e+08 1.84389200e+06 1.74891000e+05 2.88911300e+06
 1.24912300e+07 2.99708000e+05 1.54604000e+05 1.47008000e+05
 6.89763000e+05],,,,,,,
0,237,70152,,,,,,,,,,,,,[1.76638978e+08 3.04303400e+06 2.54583000e+05 2.02209800e+06
 1.33606890e+07 2.97264000e+05 1.18131000e+05 1.36492000e+05
 7.36752000e+05],,,,,,,
0,238,70448,,,,,,,,,,,,,[1.76205692e+08 3.58609200e+06 1.44811000e+05 1.71322700e+06
 1.37767120e+07 1.90112000e+05 1.46110000e+05 2.04128000e+05
 6.41137000e+05],,,,,,,
0,239,70744,,,,,,,,,,,,,[1.76853447e+08 2.98926000e+06 9.38880000e+04 2.05744100e+06
 1.35290180e+07 9.35920000e+04 1.73814000e+05 2.99946000e+05
 5.17615000e+05],,,,,,,
0,240,71040,,,,,,,,,,,,,[1.76814959e+08 2.95040400e+06 1.71232000e+05 1.85758200e+06
 1.36103760e+07 2.12093000e+05 1.25914000e+05 1.98117000e+05
 6.67344000e+05],,,,,,,
0,241,71336,,,,,,,,,,,,,[1.77185676e+08 2.60754800e+06 1.43371000e+05 2.00853400e+06
 1.34857980e+07 1.85719000e+05 1.53871000e+05 2.00224000e+05
 6.37280000e+05],,,,,,,
0,242,71632,,,,,,,,,,,,,[1.76956627e+08 2.85613700e+06 1.23831000e+05 1.96158200e+06
 1.35138990e+07 2.04570000e+05 1.58914000e+05 1.90794000e+05
 6.41667000e+05],,,,,,,
0,243,71928,,,,,,,,,,,,,[1.77481542e+08 2.32043400e+06 1.34619000e+05 2.05444700e+06
 1.34401020e+07 1.85502000e+05 1.57281000e+05 2.01761000e+05
 6.32333000e+05],,,,,,,
0,244,72224,,,,,,,,,,,,,[1.76312813e+08 3.49345400e+06 1.30328000e+05 1.73851600e+06
 1.37724820e+07 1.69053000e+05 1.40974000e+05 2.30993000e+05
 6.19408000e+05],,,,,,,
0,245,72520,,,,,,,,,,,,,[1.77449379e+08 2.32378100e+06 1.63435000e+05 2.13556800e+06
 1.33308320e+07 2.13651000e+05 1.39583000e+05 1.78203000e+05
 6.73589000e+05],,,,,,,
0,246,72816,,,,,,,,,,,,,[1.77369209e+08 2.41919700e+06 1.48189000e+05 2.16773900e+06
 1.32672120e+07 2.45100000e+05 1.48372000e+05 1.62208000e+05
 6.80795000e+05],,,,,,,
0,247,73112,,,,,,,,,,,,,[1.77522189e+08 2.27533300e+06 1.39073000e+05 2.14367400e+06
 1.32877820e+07 2.48595000e+05 1.50957000e+05 1.61346000e+05
 6.79072000e+05],,,,,,,
0,248,73408,,,,,,,,,,,,,[1.77377363e+08 2.39647800e+06 1.62754000e+05 2.17819600e+06
 1.32683100e+07 2.33545000e+05 1.45129000e+05 1.65022000e+05
 6.81224000e+05],,,,,,,
0,249,73704,,,,,,,,,,,,,[1.77706144e+08 2.11570300e+06 1.14748000e+05 2.24556800e+06
 1.32805060e+07 1.53977000e+05 1.68170000e+05 2.21404000e+05
 6.01801000e+05],,,,,,,
0,250,74000,,,,,,,,,,,,,[1.77519193e+08 2.27554900e+06 1.41853000e+05 2.35834900e+06
 1.30814470e+07 2.40255000e+05 1.44209000e+05 1.73396000e+05
 6.73770000e+05],,,,,,,
0,251,74296,,,,,,,,,,,,,[1.77671137e+08 2.13112600e+06 1.34332000e+05 2.25954900e+06
 1.31830580e+07 2.37444000e+05 1.59398000e+05 1.63314000e+05
 6.68663000e+05],,,,,,,
0,252,74592,,,,,,,,,,,,,[1.78294267e+08 1.51692900e+06 1.25399000e+05 2.85507900e+06
 1.25896630e+07 2.35309000e+05 1.78786000e+05 1.51832000e+05
 6.60757000e+05],,,,,,,
0,253,74888,,,,,,,,,,,,,[1.77535293e+08 2.29514700e+06 1.06155000e+05 2.15250600e+06
 1.33525700e+07 1.74975000e+05 1.73717000e+05 2.00877000e+05
 6.16781000e+05],,,,,,,
0,254,75184,,,,,,,,,,,,,[1.77322402e+08 2.49815000e+06 1.16043000e+05 2.15123000e+06
 1.33251430e+07 2.03678000e+05 1.57865000e+05 1.82095000e+05
 6.51415000e+05],,,,,,,
0,255,75480,,,,,,,,,,,,,[1.77630083e+08 2.14753500e+06 1.58977000e+05 2.23266700e+06
 1.32345590e+07 2.12825000e+05 1.43580000e+05 1.75260000e+05
 6.72535000e+05],,,,,,,
0,256,75776,,,,,,,,,,,,,[1.77886973e+08 1.92307400e+06 1.26548000e+05 2.30706900e+06
 1.31328100e+07 2.40172000e+05 1.58742000e+05 1.57910000e+05
 6.74723000e+05],,,,,,,
0,257,76072,,,,,,,,,,,,,[1.77830662e+08 1.98870300e+06 1.17230000e+05 2.35866400e+06
 1.30971600e+07 2.24227000e+05 1.73675000e+05 1.67214000e+05
 6.50486000e+05],,,,,,,
0,258,76368,,,,,,,,,,,,,[1.77813221e+08 2.00310600e+06 1.20268000e+05 2.32653200e+06
 1.31420380e+07 2.11481000e+05 1.67856000e+05 1.72268000e+05
 6.51251000e+05],,,,,,,
0,259,76664,,,,,,,,,,,,,[1.78129843e+08 1.72044100e+06 8.63110000e+04 2.60968400e+06
 1.28996480e+07 1.70719000e+05 1.74150000e+05 2.06150000e+05
 6.11075000e+05],,,,,,,
0,260,76960,,,,,,,,,,,,,[1.77339657e+08 2.46790200e+06 1.29036000e+05 2.20113900e+06
 1.32576940e+07 2.21218000e+05 1.60428000e+05 1.66885000e+05
 6.64062000e+05],,,,,,,
0,261,77256,,,,,,,,,,,,,[1.77139143e+08 2.65153300e+06 1.45919000e+05 1.94694600e+06
 1.35224080e+07 2.10697000e+05 1.52095000e+05 1.74501000e+05
 6.64779000e+05],,,,,,,
0,262,77552,,,,,,,,,,,,,[1.77359668e+08 2.44720900e+06 1.29718000e+05 1.88516600e+06
 1.35941890e+07 2.00696000e+05 1.51235000e+05 1.88616000e+05
 6.51524000e+05],,,,,,,
0,263,77848,,,,,,,,,,,,,[1.77820663e+08 1.98366100e+06 1.32271000e+05 2.28370700e+06
 1.32040530e+07 1.92291000e+05 1.63345000e+05 1.83781000e+05
 6.44249000e+05],,,,,,,
0,264,78144,,,,,,,,,,,,,[1.77721173e+08 2.05089100e+06 1.64531000e+05 2.13536900e+06
 1.33430080e+07 2.01674000e+05 1.36445000e+05 1.83496000e+05
 6.71434000e+05],,,,,,,
0,265,78440,,,,,,,,,,,,,[1.77874058e+08 1.94036700e+06 1.22170000e+05 2.43139800e+06
 1.30231380e+07 2.25515000e+05 1.66776000e+05 1.63832000e+05
 6.60767000e+05],,,,,,,
0,266,78736,,,,,,,,,,,,,[1.77774285e+08 2.01930900e+06 1.43001000e+05 2.39520200e+06
 1.30734440e+07 2.11405000e+05 1.50024000e+05 1.73545000e+05
 6.67806000e+05],,,,,,,
0,267,79032,,,,,,,,,,,,,[1.77019407e+08 2.81150200e+06 1.05686000e+05 1.76716400e+06
 1.37587170e+07 1.54170000e+05 1.60957000e+05 2.23041000e+05
 6.07377000e+05],,,,,,,
0,268,79328,,,,,,,,,,,,,[1.77088828e+08 2.69838200e+06 1.49385000e+05 1.74301300e+06
 1.37392790e+07 1.97759000e+05 1.42486000e+05 1.87242000e+05
 6.61647000e+05],,,,,,,
0,269,79624,,,,,,,,,,,,,[1.77018227e+08 2.74219600e+06 1.76172000e+05 1.76303200e+06
 1.37046800e+07 2.12339000e+05 1.29198000e+05 1.76976000e+05
 6.85201000e+05],,,,,,,
0,270,79920,,,,,,,,,,,,,[1.77780388e+08 2.07406300e+06 8.21440000e+04 2.46488500e+06
 1.30293470e+07 1.85819000e+05 1.84776000e+05 1.86883000e+05
 6.19716000e+05],,,,,,,
0,271,80216,,,,,,,,,,,,,[1.77387879e+08 2.42634700e+06 1.22369000e+05 2.03543100e+06
 1.34709190e+07 1.73701000e+05 1.49513000e+05 2.07313000e+05
 6.34549000e+05],,,,,,,
0,272,80512,,,,,,,,,,,,,[1.7746687e+08 2.3178790e+06 1.5184600e+05 2.0443510e+06 1.3423564e+07
 2.1213600e+05 1.4429100e+05 1.7449200e+05 6.7259200e+05],,,,,,,
0,273,80808,,,,,,,,,,,,,[1.78010384e+08 1.81029400e+06 1.15917000e+05 2.47590100e+06
 1.30201150e+07 1.84035000e+05 1.66226000e+05 1.91615000e+05
 6.33534000e+05],,,,,,,
0,274,81104,,,,,,,,,,,,,[1.76850629e+08 2.91376300e+06 1.72203000e+05 1.66741900e+06
 1.37839010e+07 2.28731000e+05 1.27683000e+05 1.71164000e+05
 6.92528000e+05],,,,,,,
0,275,81400,,,,,,,,,,,,,[1.7599322e+08 3.7306190e+06 2.1275600e+05 1.6579440e+06 1.3805872e+07
 2.1623500e+05 9.8422000e+04 1.8319400e+05 7.0975900e+05],,,,,,,
0,276,81696,,,,,,,,,,,,,[1.76439083e+08 3.28839500e+06 2.09117000e+05 1.60879900e+06
 1.38457510e+07 2.25501000e+05 1.15299000e+05 1.74811000e+05
 7.01265000e+05],,,,,,,
0,277,81992,,,,,,,,,,,,,[1.77876875e+08 1.92090800e+06 1.38812000e+05 2.35560600e+06
 1.31188830e+07 2.05562000e+05 1.58701000e+05 1.72843000e+05
 6.59831000e+05],,,,,,,
0,278,82288,,,,,,,,,,,,,[1.78191413e+08 1.59329800e+06 1.51884000e+05 2.64908200e+06
 1.28032260e+07 2.27743000e+05 1.55389000e+05 1.63540000e+05
 6.72446000e+05],,,,,,,
0,279,82584,,,,,,,,,,,,,[1.77554009e+08 2.22210100e+06 1.60485000e+05 2.03636900e+06
 1.34266900e+07 2.16992000e+05 1.32463000e+05 1.72407000e+05
 6.86505000e+05],,,,,,,
0,280,82880,,,,,,,,,,,,,[1.7719482e+08 2.5885950e+06 1.5318000e+05 1.9015440e+06 1.3545240e+07
 2.3326700e+05 1.3589300e+05 1.6896600e+05 6.8651600e+05],,,,,,,
0,281,83176,,,,,,,,,,,,,[1.77206229e+08 2.56019000e+06 1.70176000e+05 1.89623800e+06
 1.35526790e+07 2.31134000e+05 1.29689000e+05 1.65628000e+05
 6.96058000e+05],,,,,,,
0,282,83472,,,,,,,,,,,,,[1.7634017e+08 3.4384890e+06 1.5793600e+05 1.7002050e+06 1.3793650e+07
 1.8619600e+05 1.1948000e+05 2.0781200e+05 6.6408300e+05],,,,,,,
0,283,83768,,,,,,,,,,,,,[1.7650755e+08 3.2439700e+06 1.8507500e+05 1.9771230e+06 1.3495075e+07
 2.0785300e+05 1.2671600e+05 1.9100400e+05 6.7365500e+05],,,,,,,
0,284,84064,,,,,,,,,,,,,[1.76028671e+08 3.72438400e+06 1.83540000e+05 1.72718900e+06
 1.37369600e+07 2.15902000e+05 1.19022000e+05 1.80178000e+05
 6.92175000e+05],,,,,,,
0,285,84360,,,,,,,,,,,,,[1.77489309e+08 2.32910300e+06 1.18183000e+05 2.37941300e+06
 1.30901680e+07 2.10470000e+05 1.58719000e+05 1.81801000e+05
 6.50855000e+05],,,,,,,
0,286,84656,,,,,,,,,,,,,[1.77599747e+08 2.20148000e+06 1.35368000e+05 2.70298300e+06
 1.26933020e+07 2.83766000e+05 1.52214000e+05 1.37709000e+05
 7.01452000e+05],,,,,,,
0,287,84952,,,,,,,,,,,,,[1.77769968e+08 2.05796900e+06 1.08658000e+05 2.36389400e+06
 1.31209130e+07 1.95244000e+05 1.64392000e+05 1.77308000e+05
 6.49675000e+05],,,,,,,
0,288,85248,,,,,,,,,,,,,[1.77822842e+08 2.01562100e+06 9.81320000e+04 2.38823600e+06
 1.30890600e+07 2.02755000e+05 1.69981000e+05 1.79287000e+05
 6.42107000e+05],,,,,,,
0,289,85544,,,,,,,,,,,,,[1.77517527e+08 2.29799500e+06 1.21073000e+05 2.06771800e+06
 1.34574300e+07 1.54903000e+05 1.48120000e+05 2.13040000e+05
 6.30215000e+05],,,,,,,
0,290,85840,,,,,,,,,,,,,[1.78276695e+08 1.57668900e+06 8.32110000e+04 2.78776500e+06
 1.27293280e+07 1.62958000e+05 1.89915000e+05 1.94225000e+05
 6.07235000e+05],,,,,,,
0,291,86136,,,,,,,,,,,,,[1.76832953e+08 2.92016300e+06 1.83479000e+05 1.71735700e+06
 1.37444390e+07 2.18255000e+05 1.20280000e+05 1.70720000e+05
 7.00375000e+05],,,,,,,
0,292,86432,,,,,,,,,,,,,[1.77681892e+08 2.13776500e+06 1.16938000e+05 2.29922300e+06
 1.31649490e+07 2.15879000e+05 1.68557000e+05 1.68357000e+05
 6.54461000e+05],,,,,,,
0,293,86728,,,,,,,,,,,,,[1.77945468e+08 1.84863500e+06 1.42492000e+05 2.40641200e+06
 1.30805150e+07 1.93124000e+05 1.57974000e+05 1.83117000e+05
 6.50284000e+05],,,,,,,
0,294,87024,,,,,,,,,,,,,[1.7721475e+08 2.5945830e+06 1.2726200e+05 1.8925970e+06 1.3588044e+07
 1.9941000e+05 1.4794700e+05 1.7590300e+05 6.6752500e+05],,,,,,,
0,295,87320,,,,,,,,,,,,,[1.7699368e+08 2.7465660e+06 1.9634900e+05 1.7990280e+06 1.3638959e+07
 2.4206400e+05 1.1860100e+05 1.5214500e+05 7.2062900e+05],,,,,,,
0,296,87616,,,,,,,,,,,,,[1.77113828e+08 2.64985400e+06 1.72913000e+05 1.86314100e+06
 1.35679380e+07 2.48972000e+05 1.38623000e+05 1.43547000e+05
 7.09205000e+05],,,,,,,
0,297,87912,,,,,,,,,,,,,[1.76866929e+08 2.88306200e+06 1.86604000e+05 1.77035400e+06
 1.36603510e+07 2.49346000e+05 1.29763000e+05 1.53310000e+05
 7.08302000e+05],,,,,,,
0,298,88208,,,,,,,,,,,,,[1.76932992e+08 2.84692000e+06 1.56683000e+05 1.76565900e+06
 1.36954430e+07 2.18949000e+05 1.28617000e+05 1.83872000e+05
 6.78886000e+05],,,,,,,
0,299,88504,,,,,,,,,,,,,[1.7763334e+08 2.1561600e+06 1.4709500e+05 2.2127200e+06 1.3258963e+07
 2.0836800e+05 1.3902600e+05 1.7897900e+05 6.7337000e+05],,,,,,,
0,300,88800,,,,,,,,,,,,,[1.77411887e+08 2.39809500e+06 1.26613000e+05 1.97763000e+06
 1.35322670e+07 1.70154000e+05 1.49456000e+05 1.97733000e+05
 6.44186000e+05],,,,,,,
0,301,89096,,,,,,,,,,,,,[1.77389921e+08 2.42229400e+06 1.24380000e+05 1.99788100e+06
 1.34565090e+07 2.25661000e+05 1.45205000e+05 1.63832000e+05
 6.82338000e+05],,,,,,,
0,302,89392,,,,,,,,,,,,,[1.77795948e+08 2.00497200e+06 1.35675000e+05 2.27929000e+06
 1.31881170e+07 2.12644000e+05 1.54667000e+05 1.68060000e+05
 6.68648000e+05],,,,,,,
0,303,89688,,,,,,,,,,,,,[1.77268592e+08 2.49449200e+06 1.73511000e+05 2.23083700e+06
 1.32402320e+07 2.08982000e+05 1.32706000e+05 1.75428000e+05
 6.83241000e+05],,,,,,,
0,304,89984,,,,,,,,,,,,,[1.77516943e+08 2.25626000e+06 1.63392000e+05 2.11220500e+06
 1.33060550e+07 2.61791000e+05 1.41039000e+05 1.40908000e+05
 7.09428000e+05],,,,,,,
0,305,90280,,,,,,,,,,,,,[1.7764865e+08 2.1511130e+06 1.3683200e+05 2.0321550e+06 1.3448246e+07
 1.9965000e+05 1.3629300e+05 1.7907000e+05 6.7601200e+05],,,,,,,
0,306,90576,,,,,,,,,,,,,[1.77720269e+08 2.08382900e+06 1.32497000e+05 2.09942800e+06
 1.33541490e+07 2.26474000e+05 1.50082000e+05 1.60969000e+05
 6.80324000e+05],,,,,,,
0,307,90872,,,,,,,,,,,,,[1.78417488e+08 1.42142000e+06 9.76870000e+04 2.77307600e+06
 1.27048640e+07 2.02111000e+05 1.72540000e+05 1.59205000e+05
 6.59630000e+05],,,,,,,
0,308,91168,,,,,,,,,,,,,[1.77791409e+08 1.97194000e+06 1.73246000e+05 2.09926400e+06
 1.33576310e+07 2.23156000e+05 1.31930000e+05 1.58282000e+05
 7.01163000e+05],,,,,,,
0,309,91464,,,,,,,,,,,,,[1.76987767e+08 2.79855000e+06 1.50278000e+05 1.73000900e+06
 1.37662930e+07 1.83749000e+05 1.35273000e+05 1.87644000e+05
 6.68458000e+05],,,,,,,
0,310,91760,,,,,,,,,,,,,[1.76958453e+08 2.84010200e+06 1.38040000e+05 1.67833200e+06
 1.38179880e+07 1.83731000e+05 1.41117000e+05 1.88130000e+05
 6.62128000e+05],,,,,,,
0,311,92056,,,,,,,,,,,,,[1.76884824e+08 2.84776400e+06 2.04007000e+05 1.70610900e+06
 1.37029610e+07 2.70981000e+05 1.22799000e+05 1.42461000e+05
 7.26115000e+05],,,,,,,
0,312,92352,,,,,,,,,,,,,[1.77518215e+08 2.27672100e+06 1.41659000e+05 1.93572900e+06
 1.35267230e+07 2.17599000e+05 1.46100000e+05 1.61225000e+05
 6.84050000e+05],,,,,,,
0,313,92648,,,,,,,,,,,,,[1.77814832e+08 1.98362400e+06 1.38139000e+05 2.15061800e+06
 1.33455340e+07 1.83899000e+05 1.44569000e+05 1.84576000e+05
 6.62230000e+05],,,,,,,
0,314,92944,,,,,,,,,,,,,[1.78262061e+08 1.54013300e+06 1.34401000e+05 2.56099900e+06
 1.29075310e+07 2.11521000e+05 1.58602000e+05 1.60080000e+05
 6.72693000e+05],,,,,,,
0,315,93240,,,,,,,,,,,,,[1.77668979e+08 2.10293600e+06 1.64680000e+05 1.99206300e+06
 1.34264480e+07 2.61540000e+05 1.43017000e+05 1.31022000e+05
 7.17336000e+05],,,,,,,
0,316,93536,,,,,,,,,,,,,[1.77520098e+08 2.23368900e+06 1.82808000e+05 1.92595400e+06
 1.35339460e+07 2.20151000e+05 1.22054000e+05 1.57446000e+05
 7.11875000e+05],,,,,,,
0,317,93832,,,,,,,,,,,,,[1.77645385e+08 2.12579100e+06 1.65419000e+05 1.98604800e+06
 1.34595820e+07 2.34421000e+05 1.30120000e+05 1.52366000e+05
 7.08889000e+05],,,,,,,
0,318,94128,,,,,,,,,,,,,[1.77424552e+08 2.38286100e+06 1.29182000e+05 1.91922600e+06
 1.35584590e+07 2.02366000e+05 1.46883000e+05 1.75938000e+05
 6.68554000e+05],,,,,,,
0,319,94424,,,,,,,,,,,,,[1.7763172e+08 2.1885400e+06 1.1633500e+05 2.0993640e+06 1.3412122e+07
 1.6856500e+05 1.5477800e+05 1.9274400e+05 6.4385300e+05],,,,,,,
0,320,94720,,,,,,,,,,,,,[1.77486813e+08 2.28731000e+06 1.62472000e+05 1.92016300e+06
 1.35691460e+07 1.90742000e+05 1.32301000e+05 1.75321000e+05
 6.83753000e+05],,,,,,,
0,321,95016,,,,,,,,,,,,,[1.77510736e+08 2.29923300e+06 1.26626000e+05 2.02668000e+06
 1.34581270e+07 1.95244000e+05 1.53902000e+05 1.74982000e+05
 6.62491000e+05],,,,,,,
0,322,95312,,,,,,,,,,,,,[1.76953806e+08 2.80849700e+06 1.74292000e+05 1.70627700e+06
 1.37679330e+07 2.05841000e+05 1.09711000e+05 1.80159000e+05
 7.01505000e+05],,,,,,,
0,323,95608,,,,,,,,,,,,,[1.77053848e+08 2.72241400e+06 1.60333000e+05 1.71310000e+06
 1.37701940e+07 1.96757000e+05 1.30623000e+05 1.73911000e+05
 6.86841000e+05],,,,,,,
0,324,95904,,,,,,,,,,,,,[1.77114988e+08 2.65634100e+06 1.65266000e+05 1.75178500e+06
 1.37071360e+07 2.21130000e+05 1.28678000e+05 1.61739000e+05
 7.00958000e+05],,,,,,,
0,325,96200,,,,,,,,,,,,,[1.7761052e+08 2.1901040e+06 1.3597100e+05 1.9537800e+06 1.3573963e+07
 1.5230800e+05 1.3983200e+05 2.0564600e+05 6.4589700e+05],,,,,,,
0,326,96496,,,,,,,,,,,,,[1.77350466e+08 2.42477600e+06 1.61353000e+05 1.98283800e+06
 1.34659530e+07 2.31260000e+05 1.37538000e+05 1.54349000e+05
 6.99488000e+05],,,,,,,
0,327,96792,,,,,,,,,,,,,[1.7725555e+08 2.5076760e+06 1.7336900e+05 1.8724330e+06 1.3605999e+07
 2.0161900e+05 1.3501600e+05 1.7033600e+05 6.8602300e+05],,,,,,,
0,328,97088,,,,,,,,,,,,,[1.77718645e+08 2.04385000e+06 1.74100000e+05 2.08560200e+06
 1.33404380e+07 2.54011000e+05 1.34446000e+05 1.37104000e+05
 7.19825000e+05],,,,,,,
0,329,97384,,,,,,,,,,,,,[1.77349925e+08 2.43318900e+06 1.53481000e+05 1.75147300e+06
 1.36877900e+07 2.40788000e+05 1.35623000e+05 1.53090000e+05
 7.02662000e+05],,,,,,,
0,330,97680,,,,,,,,,,,,,[1.77989067e+08 1.83601500e+06 1.11513000e+05 2.24674300e+06
 1.32642900e+07 1.69018000e+05 1.56328000e+05 1.91684000e+05
 6.43363000e+05],,,,,,,
0,331,97976,,,,,,,,,,,,,[1.77542335e+08 2.26193600e+06 1.32324000e+05 1.97307400e+06
 1.34830210e+07 2.23956000e+05 1.44358000e+05 1.51915000e+05
 6.95102000e+05],,,,,,,
0,332,98272,,,,,,,,,,,,,[1.77929169e+08 1.89724400e+06 1.10182000e+05 2.40556300e+06
 1.30723740e+07 2.02114000e+05 1.67151000e+05 1.53542000e+05
 6.70682000e+05],,,,,,,
0,333,98568,,,,,,,,,,,,,[1.77065009e+08 2.69810400e+06 1.73482000e+05 1.74864600e+06
 1.37390260e+07 1.92379000e+05 1.30914000e+05 1.77415000e+05
 6.83046000e+05],,,,,,,
0,334,98864,,,,,,,,,,,,,[1.77835235e+08 1.97141800e+06 1.29942000e+05 2.17202800e+06
 1.33218030e+07 1.86220000e+05 1.53336000e+05 1.71800000e+05
 6.66239000e+05],,,,,,,
0,335,99160,,,,,,,,,,,,,[1.76753671e+08 2.98565300e+06 1.97271000e+05 1.58997800e+06
 1.38427490e+07 2.47324000e+05 1.13684000e+05 1.45350000e+05
 7.32341000e+05],,,,,,,
0,336,99456,,,,,,,,,,,,,[1.78213929e+08 1.59945100e+06 1.23215000e+05 2.42662100e+06
 1.30235890e+07 2.29841000e+05 1.59410000e+05 1.47279000e+05
 6.84686000e+05],,,,,,,
0,337,99752,,,,,,,,,,,,,[1.77745481e+08 2.04714100e+06 1.43973000e+05 2.23649500e+06
 1.32359960e+07 2.07560000e+05 1.41780000e+05 1.66146000e+05
 6.83449000e+05],,,,,,,
0,338,100048,,,,,,,,,,,,,[1.77669273e+08 2.15006900e+06 1.17253000e+05 2.17143200e+06
 1.33170390e+07 1.91580000e+05 1.66619000e+05 1.66968000e+05
 6.57788000e+05],,,,,,,
