0,1,296,,,,,,,,,,,,,[1.7733935e+08 2.4226540e+06 1.7459100e+05 1.7352520e+06 1.3746504e+07
 1.9829500e+05 9.1999000e+04 1.2952800e+05 7.6984800e+05],,,,,,,
0,2,592,,,,,,,,,,,,,[1.7733717e+08 2.4618020e+06 1.3762300e+05 1.7123000e+06 1.3829875e+07
 1.3787600e+05 1.0166600e+05 1.6041200e+05 7.2929700e+05],,,,,,,
0,3,888,,,,,,,,,,,,,[1.77851881e+08 1.96413500e+06 1.20579000e+05 2.04991000e+06
 1.34449590e+07 1.85182000e+05 1.25546000e+05 1.25860000e+05
 7.39969000e+05],,,,,,,
0,4,1184,,,,,,,,,,,,,[1.7787333e+08 1.9448180e+06 1.1844700e+05 2.0581050e+06 1.3447960e+07
 1.7398600e+05 1.2397300e+05 1.2971800e+05 7.3768400e+05],,,,,,,
0,5,1480,,,,,,,,,,,,,[1.77936119e+08 1.85297400e+06 1.47502000e+05 2.11717300e+06
 1.33660750e+07 1.96803000e+05 1.06014000e+05 1.14317000e+05
 7.71044000e+05],,,,,,,
0,6,1776,,,,,,,,,,,,,[1.78193524e+08 1.60622800e+06 1.36843000e+05 2.35929500e+06
 1.30141420e+07 3.06614000e+05 1.25264000e+05 6.18590000e+04
 8.04252000e+05],,,,,,,
0,7,2072,,,,,,,,,,,,,[1.77906981e+08 1.88444300e+06 1.45171000e+05 2.08647700e+06
 1.33839000e+07 2.09674000e+05 1.10158000e+05 1.05081000e+05
 7.76136000e+05],,,,,,,
0,8,2368,,,,,,,,,,,,,[1.77866186e+08 1.94120900e+06 1.29200000e+05 2.03614500e+06
 1.34679790e+07 1.75927000e+05 1.17557000e+05 1.24086000e+05
 7.49732000e+05],,,,,,,
0,9,2664,,,,,,,,,,,,,[1.78153874e+08 1.64030200e+06 1.42419000e+05 2.31286000e+06
 1.30910490e+07 2.76142000e+05 1.15480000e+05 7.40570000e+04
 8.01838000e+05],,,,,,,
0,10,2960,,,,,,,,,,,,,[1.77895012e+08 1.85374600e+06 1.87837000e+05 2.13521500e+06
 1.32878120e+07 2.57024000e+05 9.04260000e+04 8.43480000e+04
 8.16601000e+05],,,,,,,
0,11,3256,,,,,,,,,,,,,[1.77689186e+08 2.06545700e+06 1.81952000e+05 1.95452900e+06
 1.35283710e+07 1.97151000e+05 8.91680000e+04 1.15895000e+05
 7.86312000e+05],,,,,,,
0,12,3552,,,,,,,,,,,,,[1.77933205e+08 1.87542700e+06 1.27963000e+05 2.08892100e+06
 1.34162300e+07 1.74900000e+05 1.15762000e+05 1.25756000e+05
 7.49857000e+05],,,,,,,
0,13,3848,,,,,,,,,,,,,[1.77564259e+08 2.20719000e+06 1.65146000e+05 1.85791400e+06
 1.36210740e+07 2.01063000e+05 9.39600000e+04 1.11342000e+05
 7.86073000e+05],,,,,,,
0,14,4144,,,,,,,,,,,,,[1.77419505e+08 2.30667500e+06 2.10415000e+05 1.77169500e+06
 1.36878680e+07 2.20488000e+05 7.67690000e+04 1.00104000e+05
 8.14502000e+05],,,,,,,
0,15,4440,,,,,,,,,,,,,[1.7719477e+08 2.6160530e+06 1.2577200e+05 1.6152820e+06 1.3964470e+07
 1.0029900e+05 1.0520600e+05 2.0069900e+05 6.8547000e+05],,,,,,,
0,16,4736,,,,,,,,,,,,,[1.77838355e+08 1.93575000e+06 1.62490000e+05 2.04190900e+06
 1.34135830e+07 2.24559000e+05 1.01244000e+05 9.28360000e+04
 7.97295000e+05],,,,,,,
0,17,5032,,,,,,,,,,,,,[1.78003685e+08 1.75893400e+06 1.73976000e+05 2.17629000e+06
 1.32425650e+07 2.61196000e+05 9.69970000e+04 8.04410000e+04
 8.13937000e+05],,,,,,,
0,18,5328,,,,,,,,,,,,,[1.77411074e+08 2.32460100e+06 2.00920000e+05 1.75111500e+06
 1.37048040e+07 2.24132000e+05 7.97020000e+04 9.62830000e+04
 8.15390000e+05],,,,,,,
0,19,5624,,,,,,,,,,,,,[1.7716795e+08 2.6025580e+06 1.6608700e+05 1.6221440e+06 1.3923449e+07
 1.3445800e+05 8.6407000e+04 1.5593200e+05 7.4903600e+05],,,,,,,
0,20,5920,,,,,,,,,,,,,[1.77575367e+08 2.17820900e+06 1.83019000e+05 1.85164500e+06
 1.36526720e+07 1.75734000e+05 8.49370000e+04 1.24389000e+05
 7.82049000e+05],,,,,,,
0,21,6216,,,,,,,,,,,,,[1.77347742e+08 2.38647800e+06 2.02375000e+05 1.72612500e+06
 1.37877290e+07 1.66197000e+05 7.44060000e+04 1.30311000e+05
 7.86658000e+05],,,,,,,
0,22,6512,,,,,,,,,,,,,[1.77842865e+08 1.93653000e+06 1.57200000e+05 2.04091600e+06
 1.34443050e+07 1.94830000e+05 1.02002000e+05 1.08764000e+05
 7.80609000e+05],,,,,,,
0,23,6808,,,,,,,,,,,,,[1.77972561e+08 1.82659400e+06 1.37440000e+05 2.11131400e+06
 1.33617830e+07 2.06954000e+05 1.14789000e+05 1.00035000e+05
 7.76551000e+05],,,,,,,
0,24,7104,,,,,,,,,,,,,[1.77684842e+08 2.04605900e+06 2.05694000e+05 1.94393300e+06
 1.35136160e+07 2.22502000e+05 7.91950000e+04 9.67750000e+04
 8.15405000e+05],,,,,,,
0,25,7400,,,,,,,,,,,,,[1.77764782e+08 2.04797900e+06 1.23834000e+05 1.95101000e+06
 1.35950830e+07 1.33958000e+05 1.13539000e+05 1.50112000e+05
 7.27724000e+05],,,,,,,
0,26,7696,,,,,,,,,,,,,[1.77512299e+08 2.29190300e+06 1.32393000e+05 1.80405700e+06
 1.37587040e+07 1.17290000e+05 1.06239000e+05 1.69566000e+05
 7.15570000e+05],,,,,,,
0,27,7992,,,,,,,,,,,,,[1.77550416e+08 2.25606400e+06 1.30115000e+05 1.82105500e+06
 1.37399390e+07 1.19057000e+05 1.02388000e+05 1.66556000e+05
 7.22431000e+05],,,,,,,
0,28,8288,,,,,,,,,,,,,[1.77862532e+08 1.93176500e+06 1.42298000e+05 2.05004800e+06
 1.34517660e+07 1.78237000e+05 1.02624000e+05 1.14136000e+05
 7.74615000e+05],,,,,,,
0,29,8584,,,,,,,,,,,,,[1.77632799e+08 2.12524200e+06 1.78554000e+05 1.88938900e+06
 1.36225500e+07 1.68112000e+05 8.62100000e+04 1.27469000e+05
 7.77696000e+05],,,,,,,
0,30,8880,,,,,,,,,,,,,[1.77709635e+08 2.04894000e+06 1.78020000e+05 1.93409900e+06
 1.35537520e+07 1.92200000e+05 8.68320000e+04 1.14784000e+05
 7.89759000e+05],,,,,,,
0,31,9176,,,,,,,,,,,,,[1.77842188e+08 1.96760300e+06 1.26804000e+05 1.99901700e+06
 1.35168810e+07 1.64153000e+05 1.12914000e+05 1.29327000e+05
 7.49134000e+05],,,,,,,
0,32,9472,,,,,,,,,,,,,[1.77765899e+08 1.98450900e+06 1.86187000e+05 1.97298900e+06
 1.34897150e+07 2.17347000e+05 8.52120000e+04 9.63520000e+04
 8.09811000e+05],,,,,,,
0,33,9768,,,,,,,,,,,,,[1.7729872e+08 2.4616870e+06 1.7618800e+05 1.6874470e+06 1.3838602e+07
 1.5400200e+05 8.1861000e+04 1.3964000e+05 7.6987400e+05],,,,,,,
0,34,10064,,,,,,,,,,,,,[1.77699975e+08 2.06001200e+06 1.76608000e+05 1.92171300e+06
 1.35291950e+07 2.29143000e+05 8.89230000e+04 9.10360000e+04
 8.11416000e+05],,,,,,,
0,35,10360,,,,,,,,,,,,,[1.77384836e+08 2.34013900e+06 2.11620000e+05 1.73703900e+06
 1.37242320e+07 2.18780000e+05 7.33160000e+04 9.80470000e+04
 8.20012000e+05],,,,,,,
0,36,10656,,,,,,,,,,,,,[1.77435455e+08 2.29666800e+06 2.04472000e+05 1.80164100e+06
 1.36807450e+07 1.97665000e+05 7.71240000e+04 1.09999000e+05
 8.04252000e+05],,,,,,,
0,37,10952,,,,,,,,,,,,,[1.77529722e+08 2.23907900e+06 1.67794000e+05 1.80634200e+06
 1.37172300e+07 1.56479000e+05 8.67420000e+04 1.35305000e+05
 7.69328000e+05],,,,,,,
0,38,11248,,,,,,,,,,,,,[1.77870628e+08 1.95078600e+06 1.15181000e+05 2.01140600e+06
 1.35027400e+07 1.65905000e+05 1.20055000e+05 1.19998000e+05
 7.51322000e+05],,,,,,,
0,39,11544,,,,,,,,,,,,,[1.77732225e+08 2.04908400e+06 1.55286000e+05 1.93906200e+06
 1.35970920e+07 1.43897000e+05 9.10970000e+04 1.43284000e+05
 7.56994000e+05],,,,,,,
0,40,11840,,,,,,,,,,,,,[1.77599709e+08 2.18649300e+06 1.50393000e+05 1.85163500e+06
 1.36771790e+07 1.51237000e+05 9.47800000e+04 1.35663000e+05
 7.60932000e+05],,,,,,,
0,41,12136,,,,,,,,,,,,,[1.77371726e+08 2.35280300e+06 2.12066000e+05 1.74549600e+06
 1.37426420e+07 1.91913000e+05 7.05810000e+04 1.11613000e+05
 8.09181000e+05],,,,,,,
0,42,12432,,,,,,,,,,,,,[1.77733347e+08 2.07008700e+06 1.33161000e+05 1.92252000e+06
 1.36278680e+07 1.29663000e+05 1.05463000e+05 1.58787000e+05
 7.27125000e+05],,,,,,,
0,43,12728,,,,,,,,,,,,,[1.77453734e+08 2.34960000e+06 1.33261000e+05 1.74944700e+06
 1.38353690e+07 9.52350000e+04 9.97040000e+04 1.96169000e+05
 6.95502000e+05],,,,,,,
0,44,13024,,,,,,,,,,,,,[1.77615988e+08 2.12774100e+06 1.92866000e+05 1.87126700e+06
 1.36035460e+07 2.05238000e+05 8.23300000e+04 1.02100000e+05
 8.06945000e+05],,,,,,,
0,45,13320,,,,,,,,,,,,,[1.77566441e+08 2.16297000e+06 2.07184000e+05 1.86133500e+06
 1.35759240e+07 2.42792000e+05 8.08190000e+04 8.67420000e+04
 8.23814000e+05],,,,,,,
0,46,13616,,,,,,,,,,,,,[1.77765231e+08 1.98346200e+06 1.87902000e+05 1.97583700e+06
 1.34497250e+07 2.54489000e+05 8.64020000e+04 8.15500000e+04
 8.23423000e+05],,,,,,,
0,47,13912,,,,,,,,,,,,,[1.77928439e+08 1.83733100e+06 1.70825000e+05 2.12048700e+06
 1.33639050e+07 1.95659000e+05 8.90730000e+04 1.06827000e+05
 7.95475000e+05],,,,,,,
0,48,14208,,,,,,,,,,,,,[1.77741329e+08 2.01577800e+06 1.79488000e+05 1.95665400e+06
 1.34920250e+07 2.31372000e+05 8.89380000e+04 8.88190000e+04
 8.13618000e+05],,,,,,,
0,49,14504,,,,,,,,,,,,,[1.77852047e+08 1.92457200e+06 1.59976000e+05 2.02618500e+06
 1.34247560e+07 2.29110000e+05 1.00885000e+05 8.71510000e+04
 8.03339000e+05],,,,,,,
0,50,14800,,,,,,,,,,,,,[1.77691559e+08 2.07382800e+06 1.71208000e+05 1.92468700e+06
 1.35560210e+07 1.99343000e+05 8.80990000e+04 1.02995000e+05
 8.00281000e+05],,,,,,,
0,51,15096,,,,,,,,,,,,,[1.77755224e+08 2.05564300e+06 1.25728000e+05 1.96841700e+06
 1.35707090e+07 1.40925000e+05 1.09945000e+05 1.39739000e+05
 7.41691000e+05],,,,,,,
0,52,15392,,,,,,,,,,,,,[1.77977167e+08 1.80527600e+06 1.54152000e+05 2.12729900e+06
 1.33449530e+07 2.07799000e+05 1.00368000e+05 9.91800000e+04
 7.91827000e+05],,,,,,,
0,53,15688,,,,,,,,,,,,,[1.78086171e+08 1.69709000e+06 1.53334000e+05 2.20356400e+06
 1.32324460e+07 2.44041000e+05 1.03810000e+05 7.93190000e+04
 8.08246000e+05],,,,,,,
0,54,15984,,,,,,,,,,,,,[1.77567355e+08 2.20373000e+06 1.65510000e+05 1.81742800e+06
 1.37073100e+07 1.55313000e+05 8.67630000e+04 1.32078000e+05
 7.72534000e+05],,,,,,,
0,55,16280,,,,,,,,,,,,,[1.77617254e+08 2.14262100e+06 1.76720000e+05 1.86339500e+06
 1.36540830e+07 1.62573000e+05 8.39770000e+04 1.29673000e+05
 7.77725000e+05],,,,,,,
0,56,16576,,,,,,,,,,,,,[1.77614579e+08 2.10953200e+06 2.12484000e+05 1.87551700e+06
 1.35671410e+07 2.37393000e+05 7.55380000e+04 8.76630000e+04
 8.28174000e+05],,,,,,,
0,57,16872,,,,,,,,,,,,,[1.77258771e+08 2.48378800e+06 1.94036000e+05 1.66021100e+06
 1.38602000e+07 1.59640000e+05 7.72410000e+04 1.31642000e+05
 7.82492000e+05],,,,,,,
0,58,17168,,,,,,,,,,,,,[1.78057972e+08 1.74451600e+06 1.34107000e+05 2.17281000e+06
 1.33044490e+07 2.02792000e+05 1.16740000e+05 9.86630000e+04
 7.75972000e+05],,,,,,,
0,59,17464,,,,,,,,,,,,,[1.78088474e+08 1.69380500e+06 1.54316000e+05 2.19856200e+06
 1.32562780e+07 2.25211000e+05 1.04774000e+05 8.98920000e+04
 7.96709000e+05],,,,,,,
0,60,17760,,,,,,,,,,,,,[1.77758245e+08 2.04254400e+06 1.35806000e+05 1.93864300e+06
 1.35983470e+07 1.43061000e+05 1.07077000e+05 1.44898000e+05
 7.39400000e+05],,,,,,,
0,61,18056,,,,,,,,,,,,,[1.77807337e+08 1.95884100e+06 1.70417000e+05 1.98064500e+06
 1.34903050e+07 2.09101000e+05 9.19740000e+04 1.02795000e+05
 7.96606000e+05],,,,,,,
0,62,18352,,,,,,,,,,,,,[1.77610572e+08 2.13227200e+06 1.93751000e+05 1.86035900e+06
 1.36164050e+07 2.03287000e+05 7.86000000e+04 1.02156000e+05
 8.10619000e+05],,,,,,,
0,63,18648,,,,,,,,,,,,,[1.77731577e+08 2.07382900e+06 1.31189000e+05 1.91605900e+06
 1.36337330e+07 1.30259000e+05 1.05376000e+05 1.52172000e+05
 7.33827000e+05],,,,,,,
0,64,18944,,,,,,,,,,,,,[1.77476324e+08 2.30857700e+06 1.51694000e+05 1.76457000e+06
 1.37731130e+07 1.42368000e+05 9.01200000e+04 1.42953000e+05
 7.58302000e+05],,,,,,,
0,65,19240,,,,,,,,,,,,,[1.78013464e+08 1.77935300e+06 1.43778000e+05 2.13937300e+06
 1.33358310e+07 2.04847000e+05 1.04072000e+05 9.65770000e+04
 7.90726000e+05],,,,,,,
0,66,19536,,,,,,,,,,,,,[1.77930137e+08 1.85034200e+06 1.56116000e+05 2.06500900e+06
 1.33863980e+07 2.28644000e+05 1.00458000e+05 8.70720000e+04
 8.03845000e+05],,,,,,,
0,67,19832,,,,,,,,,,,,,[1.7755559e+08 2.2061530e+06 1.7485200e+05 1.8085940e+06 1.3670271e+07
 2.0118600e+05 8.9069000e+04 1.0599900e+05 7.9630700e+05],,,,,,,
0,68,20128,,,,,,,,,,,,,[1.77392286e+08 2.35134000e+06 1.92969000e+05 1.73904600e+06
 1.37786580e+07 1.62347000e+05 7.61050000e+04 1.30809000e+05
 7.84461000e+05],,,,,,,
0,69,20424,,,,,,,,,,,,,[1.77545957e+08 2.17359400e+06 2.17044000e+05 1.84510400e+06
 1.36066750e+07 2.28272000e+05 7.48710000e+04 9.11410000e+04
 8.25363000e+05],,,,,,,
0,70,20720,,,,,,,,,,,,,[1.77694722e+08 2.11239500e+06 1.29478000e+05 1.91269200e+06
 1.36298550e+07 1.37504000e+05 1.09600000e+05 1.48026000e+05
 7.33749000e+05],,,,,,,
0,71,21016,,,,,,,,,,,,,[1.77923186e+08 1.87029900e+06 1.43110000e+05 2.07619200e+06
 1.34690580e+07 1.34801000e+05 1.04054000e+05 1.50204000e+05
 7.37117000e+05],,,,,,,
0,72,21312,,,,,,,,,,,,,[1.77803333e+08 1.92741400e+06 2.05848000e+05 2.00604800e+06
 1.34316870e+07 2.42316000e+05 8.25120000e+04 8.44370000e+04
 8.24426000e+05],,,,,,,
0,73,21608,,,,,,,,,,,,,[1.7806352e+08 1.7143360e+06 1.5873900e+05 2.2036230e+06 1.3228656e+07
 2.4777200e+05 1.0657800e+05 7.9904000e+04 8.0489300e+05],,,,,,,
0,74,21904,,,,,,,,,,,,,[1.77588467e+08 2.22347400e+06 1.24654000e+05 1.83300700e+06
 1.37522780e+07 9.47660000e+04 1.05123000e+05 1.99302000e+05
 6.86950000e+05],,,,,,,
0,75,22200,,,,,,,,,,,,,[1.77801796e+08 1.96245200e+06 1.72347000e+05 1.99851300e+06
 1.34925800e+07 1.88958000e+05 9.15600000e+04 1.07985000e+05
 7.91830000e+05],,,,,,,
0,76,22496,,,,,,,,,,,,,[1.77862964e+08 1.91587400e+06 1.57757000e+05 2.04379700e+06
 1.34514130e+07 1.84841000e+05 9.93270000e+04 1.09411000e+05
 7.82637000e+05],,,,,,,
0,77,22792,,,,,,,,,,,,,[1.7805270e+08 1.7616940e+06 1.2220100e+05 2.1483070e+06 1.3363098e+07
 1.6864600e+05 1.2108200e+05 1.1723900e+05 7.5305400e+05],,,,,,,
0,78,23088,,,,,,,,,,,,,[1.77422756e+08 2.27512800e+06 2.38711000e+05 1.76709000e+06
 1.36910310e+07 2.21930000e+05 6.69750000e+04 9.37020000e+04
 8.30698000e+05],,,,,,,
0,79,23384,,,,,,,,,,,,,[1.78013887e+08 1.79413300e+06 1.28575000e+05 2.12483800e+06
 1.33777370e+07 1.77476000e+05 1.17002000e+05 1.09617000e+05
 7.64756000e+05],,,,,,,
0,80,23680,,,,,,,,,,,,,[1.77786128e+08 2.00207200e+06 1.48395000e+05 1.95863700e+06
 1.35728180e+07 1.48596000e+05 9.67950000e+04 1.34932000e+05
 7.59648000e+05],,,,,,,
0,81,23976,,,,,,,,,,,,,[1.77698306e+08 2.09066200e+06 1.47627000e+05 1.88816400e+06
 1.36587410e+07 1.33146000e+05 9.80540000e+04 1.51484000e+05
 7.41837000e+05],,,,,,,
0,82,24272,,,,,,,,,,,,,[1.77754602e+08 2.04514700e+06 1.36846000e+05 1.93442600e+06
 1.36103840e+07 1.35241000e+05 1.07577000e+05 1.48899000e+05
 7.34899000e+05],,,,,,,
0,83,24568,,,,,,,,,,,,,[1.77442865e+08 2.31792200e+06 1.75808000e+05 1.74927000e+06
 1.37603510e+07 1.70430000e+05 8.35870000e+04 1.21477000e+05
 7.86311000e+05],,,,,,,
0,84,24864,,,,,,,,,,,,,[1.7733408e+08 2.4220740e+06 1.8044100e+05 1.7038560e+06 1.3801958e+07
 1.7423700e+05 8.2811000e+04 1.1734700e+05 7.9121700e+05],,,,,,,
0,85,25160,,,,,,,,,,,,,[1.78031082e+08 1.76473200e+06 1.40781000e+05 2.13628700e+06
 1.33532290e+07 1.90535000e+05 1.07407000e+05 1.03787000e+05
 7.80181000e+05],,,,,,,
0,86,25456,,,,,,,,,,,,,[1.78065977e+08 1.73238700e+06 1.38231000e+05 2.17249700e+06
 1.33390270e+07 1.68527000e+05 1.07559000e+05 1.20351000e+05
 7.63465000e+05],,,,,,,
0,87,25752,,,,,,,,,,,,,[1.77542381e+08 2.19094600e+06 2.03268000e+05 1.84209700e+06
 1.36361640e+07 2.01790000e+05 7.62260000e+04 1.00848000e+05
 8.14301000e+05],,,,,,,
0,88,26048,,,,,,,,,,,,,[1.77657307e+08 2.07657000e+06 2.02718000e+05 1.89800400e+06
 1.35885100e+07 1.93537000e+05 7.64270000e+04 1.11116000e+05
 8.03832000e+05],,,,,,,
0,89,26344,,,,,,,,,,,,,[1.7785532e+08 1.9088270e+06 1.7244800e+05 2.0029890e+06 1.3455684e+07
 2.2137800e+05 9.1926000e+04 9.2166000e+04 8.0728300e+05],,,,,,,
0,90,26640,,,,,,,,,,,,,[1.77544597e+08 2.21503900e+06 1.76959000e+05 1.81300500e+06
 1.36876630e+07 1.79383000e+05 8.40700000e+04 1.16185000e+05
 7.91120000e+05],,,,,,,
0,91,26936,,,,,,,,,,,,,[1.77806695e+08 1.97025400e+06 1.59646000e+05 1.97986600e+06
 1.35444580e+07 1.55727000e+05 9.52080000e+04 1.30453000e+05
 7.65714000e+05],,,,,,,
0,92,27232,,,,,,,,,,,,,[1.77578116e+08 2.18013700e+06 1.78342000e+05 1.83795000e+06
 1.36596530e+07 1.82448000e+05 8.50200000e+04 1.16136000e+05
 7.90219000e+05],,,,,,,
0,93,27528,,,,,,,,,,,,,[1.77453055e+08 2.32187400e+06 1.61666000e+05 1.76410500e+06
 1.37887270e+07 1.27219000e+05 8.48480000e+04 1.58680000e+05
 7.47847000e+05],,,,,,,
0,94,27824,,,,,,,,,,,,,[1.77822358e+08 2.00112900e+06 1.13108000e+05 1.95715900e+06
 1.35610750e+07 1.61817000e+05 1.19024000e+05 1.23473000e+05
 7.48878000e+05],,,,,,,
0,95,28120,,,,,,,,,,,,,[1.77815714e+08 1.95131200e+06 1.69569000e+05 2.00554500e+06
 1.34774780e+07 1.97028000e+05 8.86150000e+04 1.04912000e+05
 7.97848000e+05],,,,,,,
0,96,28416,,,,,,,,,,,,,[1.77772073e+08 1.99710000e+06 1.67422000e+05 1.96288200e+06
 1.35327370e+07 1.84432000e+05 9.15470000e+04 1.12483000e+05
 7.87345000e+05],,,,,,,
0,97,28712,,,,,,,,,,,,,[1.77598578e+08 2.14803400e+06 1.89983000e+05 1.84026200e+06
 1.36524530e+07 1.87336000e+05 8.14290000e+04 1.13400000e+05
 7.96546000e+05],,,,,,,
0,98,29008,,,,,,,,,,,,,[1.77945457e+08 1.87778000e+06 1.13358000e+05 2.04638800e+06
 1.34906240e+07 1.43039000e+05 1.19344000e+05 1.38785000e+05
 7.33246000e+05],,,,,,,
0,99,29304,,,,,,,,,,,,,[1.77833882e+08 1.94943900e+06 1.53274000e+05 1.99087400e+06
 1.35159320e+07 1.73245000e+05 9.77320000e+04 1.17957000e+05
 7.75686000e+05],,,,,,,
0,100,29600,,,,,,,,,,,,,[1.77780915e+08 2.03721300e+06 1.18467000e+05 1.93649300e+06
 1.36274040e+07 1.16154000e+05 1.14148000e+05 1.68897000e+05
 7.08330000e+05],,,,,,,
0,101,29896,,,,,,,,,,,,,[1.77550947e+08 2.20528300e+06 1.80365000e+05 1.82387300e+06
 1.36760480e+07 1.80130000e+05 8.48700000e+04 1.20439000e+05
 7.86066000e+05],,,,,,,
0,102,30192,,,,,,,,,,,,,[1.77768913e+08 1.99363100e+06 1.74051000e+05 1.95726000e+06
 1.35009120e+07 2.21879000e+05 9.01250000e+04 8.86750000e+04
 8.12575000e+05],,,,,,,
0,103,30488,,,,,,,,,,,,,[1.77731881e+08 2.05199600e+06 1.52718000e+05 1.91700500e+06
 1.36050270e+07 1.58019000e+05 9.58340000e+04 1.29034000e+05
 7.66507000e+05],,,,,,,
0,104,30784,,,,,,,,,,,,,[1.77682776e+08 2.06964000e+06 1.84179000e+05 1.90582400e+06
 1.35486530e+07 2.25574000e+05 8.33210000e+04 9.15980000e+04
 8.16456000e+05],,,,,,,
0,105,31080,,,,,,,,,,,,,[1.77593801e+08 2.15983000e+06 1.82964000e+05 1.85599000e+06
 1.36636380e+07 1.60423000e+05 8.14590000e+04 1.28706000e+05
 7.81210000e+05],,,,,,,
0,106,31376,,,,,,,,,,,,,[1.77683525e+08 2.01345600e+06 2.39614000e+05 1.95377300e+06
 1.34478170e+07 2.78461000e+05 7.43370000e+04 7.67820000e+04
 8.40256000e+05],,,,,,,
0,107,31672,,,,,,,,,,,,,[1.77875837e+08 1.89696500e+06 1.63793000e+05 2.02280500e+06
 1.34526800e+07 2.04566000e+05 9.69220000e+04 9.60880000e+04
 7.98365000e+05],,,,,,,
0,108,31968,,,,,,,,,,,,,[1.77762439e+08 2.00276700e+06 1.71389000e+05 1.94261200e+06
 1.35541140e+07 1.83325000e+05 8.89660000e+04 1.11725000e+05
 7.90684000e+05],,,,,,,
0,109,32264,,,,,,,,,,,,,[1.77701841e+08 2.04359900e+06 1.91155000e+05 1.91716600e+06
 1.35675930e+07 1.95292000e+05 8.21740000e+04 1.06040000e+05
 8.03161000e+05],,,,,,,
0,110,32560,,,,,,,,,,,,,[1.77536055e+08 2.18223600e+06 2.18304000e+05 1.82499400e+06
 1.36368130e+07 2.18244000e+05 7.14750000e+04 9.38560000e+04
 8.26044000e+05],,,,,,,
0,111,32856,,,,,,,,,,,,,[1.77653823e+08 2.14831100e+06 1.34461000e+05 1.86331600e+06
 1.37091950e+07 1.07540000e+05 1.04379000e+05 1.89260000e+05
 6.97736000e+05],,,,,,,
0,112,33152,,,,,,,,,,,,,[1.77662739e+08 2.10150200e+06 1.72354000e+05 1.89929200e+06
 1.36165890e+07 1.64170000e+05 8.76870000e+04 1.27121000e+05
 7.76567000e+05],,,,,,,
0,113,33448,,,,,,,,,,,,,[1.77934333e+08 1.89000100e+06 1.12261000e+05 2.03547900e+06
 1.35127320e+07 1.31840000e+05 1.25177000e+05 1.46705000e+05
 7.19493000e+05],,,,,,,
0,114,33744,,,,,,,,,,,,,[1.77588414e+08 2.14874600e+06 1.99435000e+05 1.84816800e+06
 1.36303850e+07 2.01498000e+05 7.95870000e+04 1.02462000e+05
 8.09326000e+05],,,,,,,
0,115,34040,,,,,,,,,,,,,[1.77790888e+08 1.98365800e+06 1.62049000e+05 1.97281500e+06
 1.35192700e+07 1.87966000e+05 9.37980000e+04 1.05922000e+05
 7.91655000e+05],,,,,,,
0,116,34336,,,,,,,,,,,,,[1.7759633e+08 2.1319820e+06 2.0828300e+05 1.8437810e+06 1.3616208e+07
 2.2006200e+05 7.6065000e+04 9.1714000e+04 8.2359600e+05],,,,,,,
0,117,34632,,,,,,,,,,,,,[1.7787073e+08 1.8726060e+06 1.9325900e+05 2.0248080e+06 1.3412895e+07
 2.4234800e+05 8.3329000e+04 8.1077000e+04 8.2696900e+05],,,,,,,
0,118,34928,,,,,,,,,,,,,[1.77453834e+08 2.31339500e+06 1.69366000e+05 1.75767900e+06
 1.38042530e+07 1.18119000e+05 8.40590000e+04 1.72661000e+05
 7.34655000e+05],,,,,,,
0,119,35224,,,,,,,,,,,,,[1.77982206e+08 1.81030400e+06 1.44085000e+05 2.09769200e+06
 1.34058220e+07 1.76537000e+05 1.04429000e+05 1.13097000e+05
 7.73849000e+05],,,,,,,
0,120,35520,,,,,,,,,,,,,[1.77873197e+08 1.87065900e+06 1.92739000e+05 2.04744100e+06
 1.34192200e+07 2.13390000e+05 8.24260000e+04 9.29930000e+04
 8.15956000e+05],,,,,,,
0,121,35816,,,,,,,,,,,,,[1.77822775e+08 1.99593200e+06 1.17888000e+05 1.98199900e+06
 1.35364320e+07 1.61620000e+05 1.24627000e+05 1.17738000e+05
 7.49010000e+05],,,,,,,
0,122,36112,,,,,,,,,,,,,[1.78095219e+08 1.67681000e+06 1.64566000e+05 2.20711300e+06
 1.32403060e+07 2.32632000e+05 9.78120000e+04 8.24390000e+04
 8.11124000e+05],,,,,,,
0,123,36408,,,,,,,,,,,,,[1.77760581e+08 1.98260500e+06 1.93409000e+05 1.94286700e+06
 1.35065930e+07 2.30591000e+05 8.48620000e+04 8.59370000e+04
 8.20576000e+05],,,,,,,
0,124,36704,,,,,,,,,,,,,[1.77653531e+08 2.13413300e+06 1.48931000e+05 1.86696500e+06
 1.36817050e+07 1.31381000e+05 9.61250000e+04 1.54243000e+05
 7.41007000e+05],,,,,,,
0,125,37000,,,,,,,,,,,,,[1.77801885e+08 1.98683400e+06 1.47876000e+05 1.97322300e+06
 1.35275870e+07 1.79241000e+05 1.00061000e+05 1.09693000e+05
 7.81621000e+05],,,,,,,
0,126,37296,,,,,,,,,,,,,[1.77953757e+08 1.84154800e+06 1.41290000e+05 2.06357300e+06
 1.34160100e+07 2.00468000e+05 1.06518000e+05 9.90770000e+04
 7.85780000e+05],,,,,,,
0,127,37592,,,,,,,,,,,,,[1.77667545e+08 2.09216700e+06 1.76883000e+05 1.87444800e+06
 1.36199710e+07 1.85632000e+05 8.82290000e+04 1.15591000e+05
 7.87555000e+05],,,,,,,
0,128,37888,,,,,,,,,,,,,[1.77806693e+08 1.96287600e+06 1.67026000e+05 1.97683000e+06
 1.35433070e+07 1.59914000e+05 9.25280000e+04 1.31239000e+05
 7.67608000e+05],,,,,,,
0,129,38184,,,,,,,,,,,,,[1.7789941e+08 1.8789890e+06 1.5819600e+05 2.0304900e+06 1.3442374e+07
 2.0718700e+05 1.0131000e+05 9.4317000e+04 7.9574800e+05],,,,,,,
0,130,38480,,,,,,,,,,,,,[1.77908303e+08 1.89242800e+06 1.35864000e+05 2.03490500e+06
 1.34928590e+07 1.52287000e+05 1.09367000e+05 1.29334000e+05
 7.52674000e+05],,,,,,,
0,131,38776,,,,,,,,,,,,,[1.77460492e+08 2.31559600e+06 1.60507000e+05 1.74843800e+06
 1.38044350e+07 1.27178000e+05 8.77100000e+04 1.56315000e+05
 7.47350000e+05],,,,,,,
0,132,39072,,,,,,,,,,,,,[1.77603699e+08 2.14268600e+06 1.90210000e+05 1.86991900e+06
 1.36170150e+07 1.93117000e+05 8.29630000e+04 1.06977000e+05
 8.01435000e+05],,,,,,,
0,133,39368,,,,,,,,,,,,,[1.77538099e+08 2.22174400e+06 1.76752000e+05 1.81034800e+06
 1.37406240e+07 1.29079000e+05 8.51190000e+04 1.59747000e+05
 7.46509000e+05],,,,,,,
0,134,39664,,,,,,,,,,,,,[1.77475885e+08 2.26689300e+06 1.93817000e+05 1.77337800e+06
 1.37319210e+07 1.74752000e+05 8.18870000e+04 1.19616000e+05
 7.89872000e+05],,,,,,,
0,135,39960,,,,,,,,,,,,,[1.78243452e+08 1.54967500e+06 1.43468000e+05 2.35181900e+06
 1.31003400e+07 2.27892000e+05 1.15709000e+05 8.41230000e+04
 7.91543000e+05],,,,,,,
0,136,40256,,,,,,,,,,,,,[1.77760995e+08 2.06853600e+06 1.07064000e+05 1.92502900e+06
 1.36453870e+07 1.09635000e+05 1.23278000e+05 1.70016000e+05
 6.98081000e+05],,,,,,,
0,137,40552,,,,,,,,,,,,,[1.77709089e+08 2.05495100e+06 1.72555000e+05 1.94275600e+06
 1.35635470e+07 1.73748000e+05 9.05760000e+04 1.20601000e+05
 7.80198000e+05],,,,,,,
0,138,40848,,,,,,,,,,,,,[1.77550057e+08 2.21100700e+06 1.75531000e+05 1.80953300e+06
 1.37029970e+07 1.67521000e+05 8.58660000e+04 1.21684000e+05
 7.83825000e+05],,,,,,,
0,139,41144,,,,,,,,,,,,,[1.77389542e+08 2.37227500e+06 1.74778000e+05 1.74829200e+06
 1.38190300e+07 1.12729000e+05 8.14710000e+04 1.77490000e+05
 7.32414000e+05],,,,,,,
0,140,41440,,,,,,,,,,,,,[1.77750438e+08 2.01641600e+06 1.69741000e+05 1.94806800e+06
 1.35453780e+07 1.86605000e+05 9.21990000e+04 1.08859000e+05
 7.90317000e+05],,,,,,,
0,141,41736,,,,,,,,,,,,,[1.77420203e+08 2.32454000e+06 1.91852000e+05 1.76423900e+06
 1.37602760e+07 1.55536000e+05 7.96270000e+04 1.33927000e+05
 7.77821000e+05],,,,,,,
0,142,42032,,,,,,,,,,,,,[1.77348709e+08 2.37271200e+06 2.15174000e+05 1.71567300e+06
 1.37754100e+07 1.88968000e+05 7.23060000e+04 1.11527000e+05
 8.07542000e+05],,,,,,,
0,143,42328,,,,,,,,,,,,,[1.77216761e+08 2.60303200e+06 1.16802000e+05 1.62660000e+06
 1.39959030e+07 5.75480000e+04 1.01243000e+05 2.69850000e+05
 6.20282000e+05],,,,,,,
0,144,42624,,,,,,,,,,,,,[1.78027336e+08 1.73508000e+06 1.74179000e+05 2.16141800e+06
 1.33110190e+07 2.07614000e+05 9.38030000e+04 1.02127000e+05
 7.95445000e+05],,,,,,,
0,145,42920,,,,,,,,,,,,,[1.77546034e+08 2.23060200e+06 1.59959000e+05 1.79949400e+06
 1.37353520e+07 1.45205000e+05 9.31810000e+04 1.38420000e+05
 7.59774000e+05],,,,,,,
0,146,43216,,,,,,,,,,,,,[1.77689274e+08 2.05145400e+06 1.95867000e+05 1.92635700e+06
 1.35512110e+07 2.02483000e+05 8.55000000e+04 9.94830000e+04
 8.06392000e+05],,,,,,,
0,147,43512,,,,,,,,,,,,,[1.78038461e+08 1.68884200e+06 2.09292000e+05 2.20531000e+06
 1.31789880e+07 2.95753000e+05 8.56590000e+04 6.25800000e+04
 8.43136000e+05],,,,,,,
0,148,43808,,,,,,,,,,,,,[1.77736266e+08 2.08526600e+06 1.15063000e+05 1.90613500e+06
 1.36616320e+07 1.12284000e+05 1.18930000e+05 1.71351000e+05
 7.01094000e+05],,,,,,,
0,149,44104,,,,,,,,,,,,,[1.77829404e+08 1.92980100e+06 1.77390000e+05 2.01502000e+06
 1.34790900e+07 1.85941000e+05 8.82740000e+04 1.09272000e+05
 7.93829000e+05],,,,,,,
0,150,44400,,,,,,,,,,,,,[1.77816253e+08 1.94206000e+06 1.78282000e+05 1.99621400e+06
 1.34492750e+07 2.34562000e+05 9.15930000e+04 8.35790000e+04
 8.16203000e+05],,,,,,,
0,151,44696,,,,,,,,,,,,,[1.77661944e+08 2.07856300e+06 1.96088000e+05 1.90337100e+06
 1.35783210e+07 1.98359000e+05 8.09430000e+04 1.03996000e+05
 8.06436000e+05],,,,,,,
0,152,44992,,,,,,,,,,,,,[1.7732125e+08 2.3980460e+06 2.1729900e+05 1.7022100e+06 1.3797003e+07
 1.8083800e+05 7.1232000e+04 1.1553600e+05 8.0460700e+05],,,,,,,
0,153,45288,,,,,,,,,,,,,[1.77504399e+08 2.21774800e+06 2.14448000e+05 1.79965000e+06
 1.36991340e+07 1.81267000e+05 7.09030000e+04 1.14651000e+05
 8.05821000e+05],,,,,,,
0,154,45584,,,,,,,,,,,,,[1.77723337e+08 2.05919400e+06 1.54064000e+05 1.90662900e+06
 1.36211890e+07 1.52233000e+05 9.69620000e+04 1.32407000e+05
 7.62006000e+05],,,,,,,
0,155,45880,,,,,,,,,,,,,[1.77856279e+08 1.89179200e+06 1.88524000e+05 2.04037100e+06
 1.34616150e+07 1.78065000e+05 8.49370000e+04 1.13972000e+05
 7.92466000e+05],,,,,,,
0,156,46176,,,,,,,,,,,,,[1.77597029e+08 2.15161800e+06 1.87948000e+05 1.85092700e+06
 1.36664550e+07 1.62669000e+05 8.25370000e+04 1.31211000e+05
 7.77627000e+05],,,,,,,
0,157,46472,,,,,,,,,,,,,[1.7748118e+08 2.2623490e+06 1.9306600e+05 1.7811760e+06 1.3706568e+07
 1.9230700e+05 8.0143000e+04 1.0639400e+05 8.0483800e+05],,,,,,,
0,158,46768,,,,,,,,,,,,,[1.77503566e+08 2.26019800e+06 1.72831000e+05 1.80240600e+06
 1.37505550e+07 1.27090000e+05 8.37430000e+04 1.56883000e+05
 7.50749000e+05],,,,,,,
0,159,47064,,,,,,,,,,,,,[1.7755785e+08 2.1864390e+06 1.9230600e+05 1.8394680e+06 1.3650741e+07
 1.8984200e+05 8.0501000e+04 1.0783100e+05 8.0304300e+05],,,,,,,
0,160,47360,,,,,,,,,,,,,[1.77736618e+08 2.00182500e+06 1.98152000e+05 1.94283000e+06
 1.35407920e+07 1.96429000e+05 7.87290000e+04 1.04935000e+05
 8.07711000e+05],,,,,,,
0,161,47656,,,,,,,,,,,,,[1.77668364e+08 2.10094300e+06 1.67288000e+05 1.86691600e+06
 1.36360180e+07 1.77117000e+05 9.17550000e+04 1.13297000e+05
 7.86323000e+05],,,,,,,
0,162,47952,,,,,,,,,,,,,[1.77704164e+08 2.07655200e+06 1.55879000e+05 1.89430400e+06
 1.36485200e+07 1.37227000e+05 9.27050000e+04 1.41279000e+05
 7.57391000e+05],,,,,,,
0,163,48248,,,,,,,,,,,,,[1.77827322e+08 1.96266000e+06 1.46613000e+05 1.98266600e+06
 1.35486950e+07 1.48690000e+05 1.03572000e+05 1.32149000e+05
 7.55654000e+05],,,,,,,
0,164,48544,,,,,,,,,,,,,[1.77514931e+08 2.24637900e+06 1.75285000e+05 1.78405200e+06
 1.37370300e+07 1.58969000e+05 8.61060000e+04 1.29100000e+05
 7.76169000e+05],,,,,,,
0,165,48840,,,,,,,,,,,,,[1.77808066e+08 1.95114400e+06 1.77385000e+05 1.96742300e+06
 1.35281080e+07 1.84520000e+05 9.11980000e+04 1.10451000e+05
 7.89726000e+05],,,,,,,
0,166,49136,,,,,,,,,,,,,[1.77959654e+08 1.84645800e+06 1.30483000e+05 2.06827100e+06
 1.34530540e+07 1.58726000e+05 1.15507000e+05 1.23943000e+05
 7.51925000e+05],,,,,,,
0,167,49432,,,,,,,,,,,,,[1.77926895e+08 1.85258500e+06 1.57115000e+05 2.05326200e+06
 1.34217570e+07 2.05032000e+05 9.97090000e+04 9.65430000e+04
 7.95123000e+05],,,,,,,
0,168,49728,,,,,,,,,,,,,[1.7771543e+08 2.0644730e+06 1.5669200e+05 1.9127510e+06 1.3600574e+07
 1.6672600e+05 9.7965000e+04 1.2213800e+05 7.7127200e+05],,,,,,,
0,169,50024,,,,,,,,,,,,,[1.77667994e+08 2.09833700e+06 1.70264000e+05 1.86965300e+06
 1.36282720e+07 1.82126000e+05 9.05740000e+04 1.11376000e+05
 7.89425000e+05],,,,,,,
0,170,50320,,,,,,,,,,,,,[1.77960482e+08 1.84436300e+06 1.31750000e+05 2.06933000e+06
 1.34580580e+07 1.52663000e+05 1.13896000e+05 1.28851000e+05
 7.48628000e+05],,,,,,,
0,171,50616,,,,,,,,,,,,,[1.77952151e+08 1.78640800e+06 1.98036000e+05 2.09740100e+06
 1.33101800e+07 2.72470000e+05 8.50090000e+04 6.91360000e+04
 8.37230000e+05],,,,,,,
0,172,50912,,,,,,,,,,,,,[1.77896974e+08 1.86215700e+06 1.77464000e+05 2.04921900e+06
 1.33953210e+07 2.35511000e+05 9.10210000e+04 8.40330000e+04
 8.16321000e+05],,,,,,,
0,173,51208,,,,,,,,,,,,,[1.78058274e+08 1.69250600e+06 1.85815000e+05 2.17173600e+06
 1.32533330e+07 2.54982000e+05 8.92810000e+04 7.68710000e+04
 8.25223000e+05],,,,,,,
0,174,51504,,,,,,,,,,,,,[1.78210232e+08 1.59801600e+06 1.28347000e+05 2.26679200e+06
 1.32505980e+07 1.62661000e+05 1.17078000e+05 1.20617000e+05
 7.53680000e+05],,,,,,,
0,175,51800,,,,,,,,,,,,,[1.77898531e+08 1.85905600e+06 1.79008000e+05 2.03683300e+06
 1.33944250e+07 2.48793000e+05 9.30700000e+04 7.61500000e+04
 8.22155000e+05],,,,,,,
0,176,52096,,,,,,,,,,,,,[1.78110137e+08 1.69461500e+06 1.31843000e+05 2.18367400e+06
 1.33210170e+07 1.75360000e+05 1.14918000e+05 1.19428000e+05
 7.57029000e+05],,,,,,,
0,177,52392,,,,,,,,,,,,,[1.7770000e+08 2.0736600e+06 1.6293500e+05 1.9080270e+06 1.3612471e+07
 1.5955300e+05 9.4716000e+04 1.2785600e+05 7.6880300e+05],,,,,,,
0,178,52688,,,,,,,,,,,,,[1.77574961e+08 2.17721400e+06 1.84420000e+05 1.83063800e+06
 1.36818130e+07 1.67600000e+05 8.37090000e+04 1.26084000e+05
 7.81582000e+05],,,,,,,
0,179,52984,,,,,,,,,,,,,[1.77551032e+08 2.25594900e+06 1.29614000e+05 1.79711000e+06
 1.37836720e+07 9.92690000e+04 1.06797000e+05 1.85840000e+05
 6.98738000e+05],,,,,,,
0,180,53280,,,,,,,,,,,,,[1.77525456e+08 2.21663300e+06 1.94506000e+05 1.79144500e+06
 1.37188730e+07 1.69733000e+05 7.90880000e+04 1.22367000e+05
 7.89920000e+05],,,,,,,
0,181,53576,,,,,,,,,,,,,[1.77450661e+08 2.27184200e+06 2.14092000e+05 1.78121500e+06
 1.37114520e+07 1.87384000e+05 7.27170000e+04 1.09080000e+05
 8.09578000e+05],,,,,,,
0,182,53872,,,,,,,,,,,,,[1.7776150e+08 1.9477430e+06 2.2735200e+05 1.9670070e+06 1.3452876e+07
 2.6016800e+05 7.3177000e+04 7.6514000e+04 8.4168400e+05],,,,,,,
0,183,54168,,,,,,,,,,,,,[1.77679251e+08 2.08738400e+06 1.69960000e+05 1.88045300e+06
 1.36460210e+07 1.53577000e+05 9.00490000e+04 1.32866000e+05
 7.68460000e+05],,,,,,,
0,184,54464,,,,,,,,,,,,,[1.77998513e+08 1.79417400e+06 1.43908000e+05 2.10179500e+06
 1.33964990e+07 1.81757000e+05 1.08145000e+05 1.14499000e+05
 7.68731000e+05],,,,,,,
0,185,54760,,,,,,,,,,,,,[1.7768300e+08 2.0996480e+06 1.5394700e+05 1.8592730e+06 1.3648283e+07
 1.7249500e+05 9.4401000e+04 1.1569100e+05 7.8128300e+05],,,,,,,
0,186,55056,,,,,,,,,,,,,[1.77710499e+08 2.00664100e+06 2.19455000e+05 1.93978900e+06
 1.35063500e+07 2.33912000e+05 7.52930000e+04 8.82130000e+04
 8.27869000e+05],,,,,,,
0,187,55352,,,,,,,,,,,,,[1.7721084e+08 2.5516970e+06 1.7405800e+05 1.6220180e+06 1.3930014e+07
 1.2801900e+05 7.8808000e+04 1.5652900e+05 7.5603800e+05],,,,,,,
0,188,55648,,,,,,,,,,,,,[1.78054509e+08 1.73830800e+06 1.43778000e+05 2.16265900e+06
 1.33270720e+07 1.90320000e+05 1.06981000e+05 9.90950000e+04
 7.85299000e+05],,,,,,,
0,189,55944,,,,,,,,,,,,,[1.77837137e+08 1.86634100e+06 2.33117000e+05 2.04316900e+06
 1.34197160e+07 2.17166000e+05 7.08220000e+04 9.27210000e+04
 8.27832000e+05],,,,,,,
0,190,56240,,,,,,,,,,,,,[1.77371219e+08 2.40537700e+06 1.59999000e+05 1.68807500e+06
 1.38213190e+07 1.70657000e+05 9.49870000e+04 1.21348000e+05
 7.75040000e+05],,,,,,,
0,191,56536,,,,,,,,,,,,,[1.77834661e+08 1.96579800e+06 1.36136000e+05 1.97478500e+06
 1.35719800e+07 1.33286000e+05 1.03206000e+05 1.44956000e+05
 7.43213000e+05],,,,,,,
0,192,56832,,,,,,,,,,,,,[1.77916109e+08 1.83560700e+06 1.84879000e+05 2.05346600e+06
 1.33690670e+07 2.57518000e+05 8.91850000e+04 7.35330000e+04
 8.28657000e+05],,,,,,,
0,193,57128,,,,,,,,,,,,,[1.78251581e+08 1.55462100e+06 1.30393000e+05 2.32589500e+06
 1.31136370e+07 2.40519000e+05 1.23026000e+05 7.51700000e+04
 7.93179000e+05],,,,,,,
0,194,57424,,,,,,,,,,,,,[1.77407295e+08 2.37982300e+06 1.49477000e+05 1.72009700e+06
 1.38553160e+07 1.04638000e+05 9.01430000e+04 1.84841000e+05
 7.16391000e+05],,,,,,,
0,195,57720,,,,,,,,,,,,,[1.7742874e+08 2.2535700e+06 2.5428500e+05 1.7675980e+06 1.3667894e+07
 2.4455900e+05 6.3404000e+04 8.3306000e+04 8.4466500e+05],,,,,,,
0,196,58016,,,,,,,,,,,,,[1.78007837e+08 1.77102300e+06 1.57735000e+05 2.11465200e+06
 1.33582530e+07 2.07146000e+05 9.96250000e+04 9.35910000e+04
 7.98159000e+05],,,,,,,
0,197,58312,,,,,,,,,,,,,[1.77746079e+08 2.02551600e+06 1.65000000e+05 1.92438600e+06
 1.36038640e+07 1.51801000e+05 8.78330000e+04 1.36630000e+05
 7.66912000e+05],,,,,,,
0,198,58608,,,,,,,,,,,,,[1.77660141e+08 2.09366100e+06 1.82793000e+05 1.88147900e+06
 1.36153000e+07 1.83272000e+05 8.33200000e+04 1.07956000e+05
 8.00099000e+05],,,,,,,
0,199,58904,,,,,,,,,,,,,[1.77786768e+08 1.98786900e+06 1.61958000e+05 1.95256500e+06
 1.35798730e+07 1.47613000e+05 9.23670000e+04 1.37709000e+05
 7.61299000e+05],,,,,,,
0,200,59200,,,,,,,,,,,,,[1.77523059e+08 2.23522100e+06 1.78315000e+05 1.80378600e+06
 1.37336800e+07 1.42585000e+05 8.46350000e+04 1.40427000e+05
 7.66313000e+05],,,,,,,
0,201,59496,,,,,,,,,,,,,[1.77758698e+08 2.00366700e+06 1.74230000e+05 1.92692300e+06
 1.35598580e+07 1.93270000e+05 8.84620000e+04 1.02915000e+05
 7.99998000e+05],,,,,,,
0,202,59792,,,,,,,,,,,,,[1.77840378e+08 1.93838400e+06 1.57833000e+05 1.96734500e+06
 1.35140080e+07 1.98698000e+05 9.56890000e+04 9.83970000e+04
 7.97289000e+05],,,,,,,
0,203,60088,,,,,,,,,,,,,[1.7809262e+08 1.6911500e+06 1.5282500e+05 2.1781620e+06 1.3274718e+07
 2.2717100e+05 1.0074600e+05 8.3903000e+04 8.0672600e+05],,,,,,,
0,204,60384,,,,,,,,,,,,,[1.77690797e+08 2.08312400e+06 1.62674000e+05 1.85991200e+06
 1.36430260e+07 1.77113000e+05 9.35750000e+04 1.14419000e+05
 7.83381000e+05],,,,,,,
0,205,60680,,,,,,,,,,,,,[1.77793044e+08 1.94816500e+06 1.95386000e+05 1.97941800e+06
 1.34906450e+07 2.09988000e+05 8.06830000e+04 9.61700000e+04
 8.14522000e+05],,,,,,,
0,206,60976,,,,,,,,,,,,,[1.77998953e+08 1.78902800e+06 1.48614000e+05 2.09413100e+06
 1.33891980e+07 1.96722000e+05 1.02964000e+05 9.91550000e+04
 7.89256000e+05],,,,,,,
0,207,61272,,,,,,,,,,,,,[1.77700189e+08 2.03796700e+06 1.98439000e+05 1.90624900e+06
 1.35640900e+07 2.09712000e+05 7.76000000e+04 9.57380000e+04
 8.18037000e+05],,,,,,,
0,208,61568,,,,,,,,,,,,,[1.7753803e+08 2.1908880e+06 2.0767700e+05 1.8122060e+06 1.3668281e+07
 1.9956400e+05 7.4333000e+04 1.0528900e+05 8.1175300e+05],,,,,,,
0,209,61864,,,,,,,,,,,,,[1.77474923e+08 2.26808900e+06 1.93583000e+05 1.77776700e+06
 1.37348720e+07 1.67412000e+05 7.83870000e+04 1.23217000e+05
 7.89771000e+05],,,,,,,
0,210,62160,,,,,,,,,,,,,[1.77653967e+08 2.13355900e+06 1.49069000e+05 1.85852000e+06
 1.36812020e+07 1.40329000e+05 9.55030000e+04 1.39966000e+05
 7.55906000e+05],,,,,,,
0,211,62456,,,,,,,,,,,,,[1.78484552e+08 1.30353300e+06 1.48510000e+05 2.60587200e+06
 1.27860330e+07 2.88146000e+05 1.14208000e+05 6.36650000e+04
 8.13502000e+05],,,,,,,
0,212,62752,,,,,,,,,,,,,[1.77771678e+08 1.99597200e+06 1.68945000e+05 1.93835600e+06
 1.35576700e+07 1.84025000e+05 9.28180000e+04 1.10355000e+05
 7.88202000e+05],,,,,,,
0,213,63048,,,,,,,,,,,,,[1.77433404e+08 2.29355600e+06 2.09635000e+05 1.74905900e+06
 1.37178670e+07 2.13125000e+05 7.71750000e+04 9.35880000e+04
 8.20612000e+05],,,,,,,
0,214,63344,,,,,,,,,,,,,[1.7793352e+08 1.8399710e+06 1.6310400e+05 2.0277260e+06 1.3459433e+07
 1.9289200e+05 9.7005000e+04 1.0734300e+05 7.8702700e+05],,,,,,,
0,215,63640,,,,,,,,,,,,,[1.7783998e+08 1.9502070e+06 1.4640800e+05 1.9661180e+06 1.3525762e+07
 1.8817100e+05 1.0507000e+05 1.0368600e+05 7.8261900e+05],,,,,,,
0,216,63936,,,,,,,,,,,,,[1.77669807e+08 2.09047500e+06 1.76313000e+05 1.88382500e+06
 1.36313180e+07 1.64908000e+05 8.78280000e+04 1.26226000e+05
 7.77321000e+05],,,,,,,
0,217,64232,,,,,,,,,,,,,[1.77944337e+08 1.85908000e+06 1.33178000e+05 2.04311200e+06
 1.35209610e+07 1.15978000e+05 1.05031000e+05 1.66765000e+05
 7.19579000e+05],,,,,,,
0,218,64528,,,,,,,,,,,,,[1.77692825e+08 2.09684300e+06 1.46927000e+05 1.87075700e+06
 1.36571470e+07 1.52147000e+05 9.73810000e+04 1.33303000e+05
 7.60691000e+05],,,,,,,
0,219,64824,,,,,,,,,,,,,[1.7742464e+08 2.3359910e+06 1.7596400e+05 1.7294590e+06 1.3780835e+07
 1.6975700e+05 8.3793000e+04 1.1994800e+05 7.8763400e+05],,,,,,,
0,220,65120,,,,,,,,,,,,,[1.77857392e+08 1.89590000e+06 1.83303000e+05 2.01484300e+06
 1.34383050e+07 2.26903000e+05 8.59750000e+04 8.85920000e+04
 8.16808000e+05],,,,,,,
0,221,65416,,,,,,,,,,,,,[1.77944255e+08 1.84422500e+06 1.48115000e+05 2.07685300e+06
 1.34402250e+07 1.62973000e+05 1.00690000e+05 1.21832000e+05
 7.68853000e+05],,,,,,,
0,222,65712,,,,,,,,,,,,,[1.77679709e+08 2.05644000e+06 2.00446000e+05 1.90423500e+06
 1.35558520e+07 2.19964000e+05 7.86550000e+04 9.15280000e+04
 8.21192000e+05],,,,,,,
0,223,66008,,,,,,,,,,,,,[1.77652213e+08 2.09912700e+06 1.85255000e+05 1.86540400e+06
 1.36536000e+07 1.61047000e+05 8.18550000e+04 1.32893000e+05
 7.76627000e+05],,,,,,,
0,224,66304,,,,,,,,,,,,,[1.77519114e+08 2.21379100e+06 2.03690000e+05 1.78245400e+06
 1.36826700e+07 2.14927000e+05 7.59360000e+04 9.33610000e+04
 8.22078000e+05],,,,,,,
0,225,66600,,,,,,,,,,,,,[1.77618533e+08 2.11061800e+06 2.07444000e+05 1.85392100e+06
 1.36113640e+07 2.14766000e+05 7.49950000e+04 9.39250000e+04
 8.22455000e+05],,,,,,,
0,226,66896,,,,,,,,,,,,,[1.77911196e+08 1.87791400e+06 1.47485000e+05 2.01528900e+06
 1.34963340e+07 1.68428000e+05 9.93040000e+04 1.17795000e+05
 7.74276000e+05],,,,,,,
0,227,67192,,,,,,,,,,,,,[1.77578457e+08 2.11626900e+06 2.41869000e+05 1.85216400e+06
 1.35619070e+07 2.65980000e+05 6.83670000e+04 7.47610000e+04
 8.48247000e+05],,,,,,,
0,228,67488,,,,,,,,,,,,,[1.77929722e+08 1.83383400e+06 1.73039000e+05 2.06012200e+06
 1.34199470e+07 1.99982000e+05 9.33920000e+04 1.02792000e+05
 7.95191000e+05],,,,,,,
0,229,67784,,,,,,,,,,,,,[1.77831133e+08 1.96863500e+06 1.36827000e+05 1.96540700e+06
 1.35916870e+07 1.22957000e+05 1.05470000e+05 1.60201000e+05
 7.25704000e+05],,,,,,,
0,230,68080,,,,,,,,,,,,,[1.77806084e+08 1.98548700e+06 1.45024000e+05 1.93846600e+06
 1.35580670e+07 1.83518000e+05 1.02953000e+05 1.09606000e+05
 7.78816000e+05],,,,,,,
0,231,68376,,,,,,,,,,,,,[1.78180587e+08 1.59152800e+06 1.64480000e+05 2.31257800e+06
 1.31463170e+07 2.21156000e+05 9.66190000e+04 8.84400000e+04
 8.06316000e+05],,,,,,,
0,232,68672,,,,,,,,,,,,,[1.77832157e+08 1.93170000e+06 1.72738000e+05 1.98587800e+06
 1.34708890e+07 2.23284000e+05 9.67450000e+04 8.90030000e+04
 8.05627000e+05],,,,,,,
0,233,68968,,,,,,,,,,,,,[1.77713473e+08 2.01931000e+06 2.03812000e+05 1.91479000e+06
 1.35629720e+07 2.02289000e+05 7.81570000e+04 1.01054000e+05
 8.12164000e+05],,,,,,,
0,234,69264,,,,,,,,,,,,,[1.7727803e+08 2.4517140e+06 2.0685100e+05 1.6519950e+06 1.3831177e+07
 1.9687900e+05 7.3321000e+04 1.0578000e+05 8.1227400e+05],,,,,,,
0,235,69560,,,,,,,,,,,,,[1.77892638e+08 1.86855200e+06 1.75405000e+05 2.02659800e+06
 1.34445640e+07 2.08889000e+05 8.96410000e+04 9.99150000e+04
 8.01819000e+05],,,,,,,
0,236,69856,,,,,,,,,,,,,[1.77856415e+08 1.92407000e+06 1.56110000e+05 1.98422100e+06
 1.34986760e+07 1.97154000e+05 1.03194000e+05 9.86960000e+04
 7.89485000e+05],,,,,,,
0,237,70152,,,,,,,,,,,,,[1.77777552e+08 1.97643700e+06 1.82606000e+05 1.96003600e+06
 1.35203420e+07 1.99673000e+05 8.86070000e+04 1.02941000e+05
 7.99827000e+05],,,,,,,
0,238,70448,,,,,,,,,,,,,[1.7824904e+08 1.4882970e+06 1.9925800e+05 2.3815820e+06 1.2987052e+07
 3.1141700e+05 8.8381000e+04 5.7855000e+04 8.4513900e+05],,,,,,,
0,239,70744,,,,,,,,,,,,,[1.77947402e+08 1.83145800e+06 1.57735000e+05 2.06766500e+06
 1.33715380e+07 2.40848000e+05 1.00434000e+05 8.00130000e+04
 8.10928000e+05],,,,,,,
0,240,71040,,,,,,,,,,,,,[1.77663414e+08 2.11839000e+06 1.54791000e+05 1.85933300e+06
 1.36999980e+07 1.20720000e+05 9.12880000e+04 1.65445000e+05
 7.34642000e+05],,,,,,,
0,241,71336,,,,,,,,,,,,,[1.7757412e+08 2.1648080e+06 1.9766700e+05 1.8280610e+06 1.3654301e+07
 1.9768900e+05 8.0267000e+04 1.0749200e+05 8.0361600e+05],,,,,,,
0,242,71632,,,,,,,,,,,,,[1.7773749e+08 2.0415110e+06 1.5759400e+05 1.9029890e+06 1.3608965e+07
 1.6809700e+05 9.7000000e+04 1.1776900e+05 7.7660600e+05],,,,,,,
0,243,71928,,,,,,,,,,,,,[1.77718947e+08 2.05036100e+06 1.67287000e+05 1.90722800e+06
 1.35862540e+07 1.86569000e+05 9.07300000e+04 1.06380000e+05
 7.94265000e+05],,,,,,,
0,244,72224,,,,,,,,,,,,,[1.77673939e+08 2.05941700e+06 2.03239000e+05 1.89554300e+06
 1.36217200e+07 1.62788000e+05 7.42990000e+04 1.25929000e+05
 7.91147000e+05],,,,,,,
0,245,72520,,,,,,,,,,,,,[1.77927852e+08 1.85213500e+06 1.56608000e+05 2.04516600e+06
 1.34570620e+07 1.77823000e+05 9.97690000e+04 1.10878000e+05
 7.80728000e+05],,,,,,,
0,246,72816,,,,,,,,,,,,,[1.77954034e+08 1.80337500e+06 1.79186000e+05 2.06897000e+06
 1.33989450e+07 2.12136000e+05 8.96710000e+04 9.30810000e+04
 8.08623000e+05],,,,,,,
0,247,73112,,,,,,,,,,,,,[1.77824486e+08 1.93557800e+06 1.76531000e+05 1.97637000e+06
 1.35176580e+07 1.86023000e+05 9.00920000e+04 1.08308000e+05
 7.92975000e+05],,,,,,,
0,248,73408,,,,,,,,,,,,,[1.77808916e+08 1.98511900e+06 1.42560000e+05 1.96157400e+06
 1.35416580e+07 1.76819000e+05 1.08818000e+05 1.09797000e+05
 7.72760000e+05],,,,,,,
0,249,73704,,,,,,,,,,,,,[1.77431639e+08 2.28640800e+06 2.18548000e+05 1.74804800e+06
 1.37304230e+07 2.01580000e+05 7.01830000e+04 1.00112000e+05
 8.21080000e+05],,,,,,,
0,250,74000,,,,,,,,,,,,,[1.77632031e+08 2.12900000e+06 1.75564000e+05 1.86508200e+06
 1.36322940e+07 1.82675000e+05 8.57560000e+04 1.08719000e+05
 7.96900000e+05],,,,,,,
0,251,74296,,,,,,,,,,,,,[1.77566259e+08 2.20559100e+06 1.64745000e+05 1.81995300e+06
 1.37392310e+07 1.20867000e+05 8.47390000e+04 1.58147000e+05
 7.48489000e+05],,,,,,,
0,252,74592,,,,,,,,,,,,,[1.77551681e+08 2.17748200e+06 2.07432000e+05 1.80803700e+06
 1.36565710e+07 2.15443000e+05 7.74340000e+04 9.29040000e+04
 8.21037000e+05],,,,,,,
0,253,74888,,,,,,,,,,,,,[1.77834494e+08 1.96867800e+06 1.33423000e+05 1.98371700e+06
 1.35330090e+07 1.63325000e+05 1.15336000e+05 1.19445000e+05
 7.56594000e+05],,,,,,,
0,254,75184,,,,,,,,,,,,,[1.78011154e+08 1.75045600e+06 1.74985000e+05 2.12696800e+06
 1.33475010e+07 2.05582000e+05 9.24240000e+04 9.48120000e+04
 8.04139000e+05],,,,,,,
0,255,75480,,,,,,,,,,,,,[1.7779314e+08 2.0197520e+06 1.2370300e+05 1.9271040e+06 1.3635448e+07
 1.1749900e+05 1.1445300e+05 1.6361600e+05 7.1330600e+05],,,,,,,
0,256,75776,,,,,,,,,,,,,[1.77634459e+08 2.10310200e+06 1.99034000e+05 1.88616900e+06
 1.35787170e+07 2.15165000e+05 8.67800000e+04 9.31960000e+04
 8.11399000e+05],,,,,,,
0,257,76072,,,,,,,,,,,,,[1.77742508e+08 1.99123300e+06 2.02854000e+05 1.95801800e+06
 1.35306910e+07 1.91342000e+05 7.84900000e+04 1.08625000e+05
 8.04260000e+05],,,,,,,
0,258,76368,,,,,,,,,,,,,[1.77493571e+08 2.23096600e+06 2.12058000e+05 1.80410000e+06
 1.36542650e+07 2.21686000e+05 7.46950000e+04 9.17050000e+04
 8.24975000e+05],,,,,,,
0,259,76664,,,,,,,,,,,,,[1.78038353e+08 1.76596200e+06 1.32280000e+05 2.12460800e+06
 1.33403150e+07 2.15128000e+05 1.13425000e+05 8.76420000e+04
 7.90308000e+05],,,,,,,
0,260,76960,,,,,,,,,,,,,[1.78054949e+08 1.71855100e+06 1.63095000e+05 2.16609800e+06
 1.33075590e+07 2.06394000e+05 9.43840000e+04 9.76070000e+04
 7.99384000e+05],,,,,,,
0,261,77256,,,,,,,,,,,,,[1.78093604e+08 1.70847100e+06 1.34520000e+05 2.17056000e+06
 1.33214370e+07 1.88054000e+05 1.11356000e+05 1.03438000e+05
 7.76581000e+05],,,,,,,
0,262,77552,,,,,,,,,,,,,[1.77702995e+08 2.05852200e+06 1.75078000e+05 1.90809700e+06
 1.36089400e+07 1.63014000e+05 8.48720000e+04 1.23377000e+05
 7.83126000e+05],,,,,,,
0,263,77848,,,,,,,,,,,,,[1.77768585e+08 1.97519300e+06 1.92817000e+05 1.93186100e+06
 1.35228830e+07 2.25307000e+05 8.29670000e+04 8.70800000e+04
 8.21328000e+05],,,,,,,
0,264,78144,,,,,,,,,,,,,[1.77787769e+08 1.99740900e+06 1.51417000e+05 1.94276700e+06
 1.35641340e+07 1.73150000e+05 9.89720000e+04 1.14526000e+05
 7.77877000e+05],,,,,,,
0,265,78440,,,,,,,,,,,,,[1.77978583e+08 1.76710900e+06 1.90903000e+05 2.11381200e+06
 1.32939790e+07 2.72260000e+05 8.70600000e+04 6.81290000e+04
 8.36186000e+05],,,,,,,
0,266,78736,,,,,,,,,,,,,[1.78207796e+08 1.62339800e+06 1.05401000e+05 2.27436100e+06
 1.32687740e+07 1.36916000e+05 1.30191000e+05 1.41167000e+05
 7.20017000e+05],,,,,,,
0,267,79032,,,,,,,,,,,,,[1.77778937e+08 1.99005000e+06 1.67608000e+05 1.93948500e+06
 1.35590660e+07 1.81500000e+05 9.18320000e+04 1.10503000e+05
 7.89040000e+05],,,,,,,
0,268,79328,,,,,,,,,,,,,[1.77857668e+08 1.94564300e+06 1.33284000e+05 1.99261000e+06
 1.35427180e+07 1.44723000e+05 1.07223000e+05 1.35256000e+05
 7.48896000e+05],,,,,,,
0,269,79624,,,,,,,,,,,,,[1.77749798e+08 1.96787900e+06 2.18918000e+05 1.95886400e+06
 1.34466950e+07 2.74492000e+05 7.79690000e+04 6.86740000e+04
 8.44732000e+05],,,,,,,
0,270,79920,,,,,,,,,,,,,[1.77911564e+08 1.83880000e+06 1.86231000e+05 2.04759700e+06
 1.34120770e+07 2.20377000e+05 8.58760000e+04 8.78240000e+04
 8.17675000e+05],,,,,,,
0,271,80216,,,,,,,,,,,,,[1.7747132e+08 2.2150350e+06 2.5024000e+05 1.7947830e+06 1.3663497e+07
 2.2177100e+05 6.0756000e+04 9.1775000e+04 8.3884400e+05],,,,,,,
0,272,80512,,,,,,,,,,,,,[1.77606039e+08 2.19809500e+06 1.32461000e+05 1.81706300e+06
 1.37609860e+07 1.02002000e+05 1.01454000e+05 1.83752000e+05
 7.06169000e+05],,,,,,,
0,273,80808,,,,,,,,,,,,,[1.77721455e+08 2.09129800e+06 1.23842000e+05 1.89594900e+06
 1.36626180e+07 1.21484000e+05 1.11121000e+05 1.61600000e+05
 7.18654000e+05],,,,,,,
0,274,81104,,,,,,,,,,,,,[1.77847934e+08 1.89427200e+06 1.94389000e+05 1.99702300e+06
 1.34461950e+07 2.36833000e+05 8.29740000e+04 8.02500000e+04
 8.28151000e+05],,,,,,,
0,275,81400,,,,,,,,,,,,,[1.77848334e+08 1.91335800e+06 1.74903000e+05 1.99855500e+06
 1.34790170e+07 2.02479000e+05 8.71180000e+04 9.97690000e+04
 8.04488000e+05],,,,,,,
0,276,81696,,,,,,,,,,,,,[1.77746455e+08 2.04353600e+06 1.46604000e+05 1.91182400e+06
 1.36274960e+07 1.40731000e+05 9.70760000e+04 1.41834000e+05
 7.52465000e+05],,,,,,,
0,277,81992,,,,,,,,,,,,,[1.77691145e+08 2.06863800e+06 1.76812000e+05 1.89476200e+06
 1.35956880e+07 1.89601000e+05 8.85830000e+04 1.04947000e+05
 7.97845000e+05],,,,,,,
0,278,82288,,,,,,,,,,,,,[1.77570798e+08 2.16051300e+06 2.05284000e+05 1.84280300e+06
 1.36300890e+07 2.07159000e+05 7.34510000e+04 9.89910000e+04
 8.18933000e+05],,,,,,,
0,279,82584,,,,,,,,,,,,,[1.77573558e+08 2.19548200e+06 1.67555000e+05 1.81858700e+06
 1.37128160e+07 1.48648000e+05 8.79460000e+04 1.35223000e+05
 7.68206000e+05],,,,,,,
0,280,82880,,,,,,,,,,,,,[1.77531745e+08 2.20611100e+06 1.98739000e+05 1.80006700e+06
 1.36979690e+07 1.82015000e+05 7.59840000e+04 1.10777000e+05
 8.04614000e+05],,,,,,,
0,281,83176,,,,,,,,,,,,,[1.77734181e+08 2.02356600e+06 1.78848000e+05 1.90199800e+06
 1.36153600e+07 1.62693000e+05 8.42460000e+04 1.22808000e+05
 7.84321000e+05],,,,,,,
0,282,83472,,,,,,,,,,,,,[1.77737073e+08 2.04263600e+06 1.56886000e+05 1.90529100e+06
 1.36128210e+07 1.61939000e+05 9.43980000e+04 1.20647000e+05
 7.76330000e+05],,,,,,,
0,283,83768,,,,,,,,,,,,,[1.77736323e+08 2.01531400e+06 1.84958000e+05 1.91302800e+06
 1.35744900e+07 1.92533000e+05 8.40680000e+04 1.05512000e+05
 8.01795000e+05],,,,,,,
0,284,84064,,,,,,,,,,,,,[1.78062307e+08 1.76259100e+06 1.11697000e+05 2.12194400e+06
 1.34277310e+07 1.30376000e+05 1.23977000e+05 1.43494000e+05
 7.23904000e+05],,,,,,,
0,285,84360,,,,,,,,,,,,,[1.77828349e+08 1.94445700e+06 1.63789000e+05 1.97455800e+06
 1.35424200e+07 1.63073000e+05 9.53910000e+04 1.24329000e+05
 7.71655000e+05],,,,,,,
0,286,84656,,,,,,,,,,,,,[1.78131853e+08 1.66180800e+06 1.42934000e+05 2.24873200e+06
 1.32448720e+07 1.86447000e+05 1.15155000e+05 1.00566000e+05
 7.75654000e+05],,,,,,,
0,287,84952,,,,,,,,,,,,,[1.78095625e+08 1.66961800e+06 1.71352000e+05 2.19182200e+06
 1.32627420e+07 2.25487000e+05 9.54420000e+04 8.38900000e+04
 8.12043000e+05],,,,,,,
0,288,85248,,,,,,,,,,,,,[1.77414349e+08 2.37792800e+06 1.44318000e+05 1.72025900e+06
 1.38767450e+07 8.30470000e+04 9.26930000e+04 2.19641000e+05
 6.79041000e+05],,,,,,,
0,289,85544,,,,,,,,,,,,,[1.77543183e+08 2.26558500e+06 1.27827000e+05 1.77369000e+06
 1.38074290e+07 9.89320000e+04 1.03364000e+05 1.82606000e+05
 7.05405000e+05],,,,,,,
0,290,85840,,,,,,,,,,,,,[1.77650142e+08 2.11186500e+06 1.74588000e+05 1.86509100e+06
 1.36573040e+07 1.57656000e+05 8.31580000e+04 1.32463000e+05
 7.75754000e+05],,,,,,,
0,291,86136,,,,,,,,,,,,,[1.7774265e+08 2.0383900e+06 1.5555500e+05 1.8983800e+06 1.3621051e+07
 1.6062000e+05 9.5952000e+04 1.2201100e+05 7.7341200e+05],,,,,,,
0,292,86432,,,,,,,,,,,,,[1.77772735e+08 2.04326500e+06 1.20595000e+05 1.89833300e+06
 1.36715750e+07 1.10143000e+05 1.05777000e+05 1.77619000e+05
 7.07979000e+05],,,,,,,
0,293,86728,,,,,,,,,,,,,[1.7766080e+08 2.1056540e+06 1.7014100e+05 1.8723340e+06 1.3659865e+07
 1.4785200e+05 8.6004000e+04 1.3461600e+05 7.7075500e+05],,,,,,,
0,294,87024,,,,,,,,,,,,,[1.77374882e+08 2.39258500e+06 1.69128000e+05 1.69825800e+06
 1.38422560e+07 1.39537000e+05 8.36150000e+04 1.41680000e+05
 7.66080000e+05],,,,,,,
0,295,87320,,,,,,,,,,,,,[1.77554761e+08 2.15089800e+06 2.30936000e+05 1.82980300e+06
 1.36228590e+07 2.27389000e+05 6.89480000e+04 9.05660000e+04
 8.31861000e+05],,,,,,,
0,296,87616,,,,,,,,,,,,,[1.7807068e+08 1.7409510e+06 1.2496400e+05 2.1348330e+06 1.3397260e+07
 1.4795800e+05 1.1663300e+05 1.3017700e+05 7.4456500e+05],,,,,,,
0,297,87912,,,,,,,,,,,,,[1.77619427e+08 2.16100000e+06 1.56168000e+05 1.82928400e+06
 1.36900780e+07 1.60689000e+05 9.48720000e+04 1.23379000e+05
 7.73124000e+05],,,,,,,
0,298,88208,,,,,,,,,,,,,[1.7754713e+08 2.2300290e+06 1.5943600e+05 1.7905630e+06 1.3742249e+07
 1.4723900e+05 9.2402000e+04 1.3858300e+05 7.6039000e+05],,,,,,,
0,299,88504,,,,,,,,,,,,,[1.78002677e+08 1.79310200e+06 1.40816000e+05 2.11424500e+06
 1.33671770e+07 1.98629000e+05 1.09654000e+05 9.59940000e+04
 7.85727000e+05],,,,,,,
0,300,88800,,,,,,,,,,,,,[1.77556931e+08 2.20695900e+06 1.72705000e+05 1.80099500e+06
 1.37189940e+07 1.60062000e+05 8.57120000e+04 1.25914000e+05
 7.79749000e+05],,,,,,,
0,301,89096,,,,,,,,,,,,,[1.77831941e+08 1.92482100e+06 1.79833000e+05 1.97153300e+06
 1.34738010e+07 2.34717000e+05 8.82710000e+04 8.15750000e+04
 8.21529000e+05],,,,,,,
0,302,89392,,,,,,,,,,,,,[1.77975654e+08 1.81509500e+06 1.45846000e+05 2.07438500e+06
 1.34048960e+07 2.00770000e+05 1.05384000e+05 9.77470000e+04
 7.88244000e+05],,,,,,,
0,303,89688,,,,,,,,,,,,,[1.77728014e+08 2.09750600e+06 1.11075000e+05 1.87016500e+06
 1.37199220e+07 8.99640000e+04 1.17463000e+05 1.97096000e+05
 6.76816000e+05],,,,,,,
0,304,89984,,,,,,,,,,,,,[1.77904197e+08 1.82848700e+06 2.03911000e+05 2.03268100e+06
 1.33908250e+07 2.56545000e+05 8.23630000e+04 7.50930000e+04
 8.33919000e+05],,,,,,,
0,305,90280,,,,,,,,,,,,,[1.77406285e+08 2.31178200e+06 2.18528000e+05 1.73810700e+06
 1.37659480e+07 1.75996000e+05 6.92140000e+04 1.14492000e+05
 8.07669000e+05],,,,,,,
0,306,90576,,,,,,,,,,,,,[1.77713701e+08 2.02853100e+06 1.94363000e+05 1.90234700e+06
 1.35782170e+07 1.99487000e+05 8.05540000e+04 1.03086000e+05
 8.07735000e+05],,,,,,,
0,307,90872,,,,,,,,,,,,,[1.77853351e+08 1.96115900e+06 1.22085000e+05 1.96847600e+06
 1.35733650e+07 1.38210000e+05 1.09468000e+05 1.36405000e+05
 7.45502000e+05],,,,,,,
0,308,91168,,,,,,,,,,,,,[1.77646993e+08 2.10189000e+06 1.87712000e+05 1.85285800e+06
 1.36287700e+07 1.98423000e+05 7.94190000e+04 9.89930000e+04
 8.12963000e+05],,,,,,,
0,309,91464,,,,,,,,,,,,,[1.77787863e+08 2.00504200e+06 1.43690000e+05 1.91933300e+06
 1.35899710e+07 1.70747000e+05 1.01910000e+05 1.10630000e+05
 7.78835000e+05],,,,,,,
0,310,91760,,,,,,,,,,,,,[1.77904609e+08 1.91253800e+06 1.19448000e+05 1.99906500e+06
 1.35439390e+07 1.37047000e+05 1.10900000e+05 1.38844000e+05
 7.41631000e+05],,,,,,,
0,311,92056,,,,,,,,,,,,,[1.77980508e+08 1.81438500e+06 1.41702000e+05 2.07822200e+06
 1.33885590e+07 2.13270000e+05 1.08317000e+05 8.77060000e+04
 7.95352000e+05],,,,,,,
0,312,92352,,,,,,,,,,,,,[1.77821012e+08 2.00315600e+06 1.12427000e+05 1.95465100e+06
 1.36221200e+07 1.03280000e+05 1.13990000e+05 1.79601000e+05
 6.97784000e+05],,,,,,,
0,313,92648,,,,,,,,,,,,,[1.77129675e+08 2.58042700e+06 2.26493000e+05 1.61030800e+06
 1.39165290e+07 1.53214000e+05 6.29130000e+04 1.32317000e+05
 7.96145000e+05],,,,,,,
0,314,92944,,,,,,,,,,,,,[1.77387272e+08 2.36311800e+06 1.86205000e+05 1.69981400e+06
 1.38085500e+07 1.71687000e+05 7.84590000e+04 1.15912000e+05
 7.97004000e+05],,,,,,,
0,315,93240,,,,,,,,,,,,,[1.77879377e+08 1.88769100e+06 1.69527000e+05 2.02129100e+06
 1.34256200e+07 2.33140000e+05 9.27030000e+04 7.99590000e+04
 8.18713000e+05],,,,,,,
0,316,93536,,,,,,,,,,,,,[1.77769285e+08 1.94999500e+06 2.17315000e+05 1.95409800e+06
 1.34699370e+07 2.56016000e+05 7.39120000e+04 7.42360000e+04
 8.43227000e+05],,,,,,,
0,317,93832,,,,,,,,,,,,,[1.77533355e+08 2.20897700e+06 1.94263000e+05 1.77791900e+06
 1.37090540e+07 1.93078000e+05 7.91650000e+04 1.04672000e+05
 8.07538000e+05],,,,,,,
0,318,94128,,,,,,,,,,,,,[1.77505217e+08 2.27122600e+06 1.60152000e+05 1.77384600e+06
 1.37965460e+07 1.09659000e+05 8.34090000e+04 1.81599000e+05
 7.26367000e+05],,,,,,,
0,319,94424,,,,,,,,,,,,,[1.77687634e+08 2.06972200e+06 1.79239000e+05 1.88147200e+06
 1.35888330e+07 2.09746000e+05 8.53270000e+04 9.32520000e+04
 8.12796000e+05],,,,,,,
0,320,94720,,,,,,,,,,,,,[1.78026175e+08 1.75271100e+06 1.57709000e+05 2.12082700e+06
 1.33441560e+07 2.15068000e+05 9.68720000e+04 8.84170000e+04
 8.06086000e+05],,,,,,,
0,321,95016,,,,,,,,,,,,,[1.7804289e+08 1.7442460e+06 1.4945900e+05 2.1261500e+06 1.3353948e+07
 1.9995300e+05 9.9179000e+04 9.8872000e+04 7.9332400e+05],,,,,,,
0,322,95312,,,,,,,,,,,,,[1.77707771e+08 2.08478400e+06 1.44040000e+05 1.86598400e+06
 1.36593450e+07 1.54722000e+05 9.95910000e+04 1.24558000e+05
 7.67226000e+05],,,,,,,
0,323,95608,,,,,,,,,,,,,[1.77890798e+08 1.88826800e+06 1.57529000e+05 1.99269200e+06
 1.34853240e+07 2.02035000e+05 9.58710000e+04 9.81560000e+04
 7.97348000e+05],,,,,,,
0,324,95904,,,,,,,,,,,,,[1.7782110e+08 1.9421390e+06 1.7335600e+05 1.9586620e+06 1.3507903e+07
 2.1348600e+05 8.9761000e+04 9.1709000e+04 8.0990500e+05],,,,,,,
0,325,96200,,,,,,,,,,,,,[1.77895005e+08 1.92593300e+06 1.15657000e+05 1.97478700e+06
 1.35842950e+07 1.20969000e+05 1.13828000e+05 1.58493000e+05
 7.19054000e+05],,,,,,,
0,326,96496,,,,,,,,,,,,,[1.77309506e+08 2.39932800e+06 2.27761000e+05 1.68481900e+06
 1.38169480e+07 1.78284000e+05 6.70010000e+04 1.13857000e+05
 8.10517000e+05],,,,,,,
0,327,96792,,,,,,,,,,,,,[1.77526301e+08 2.19550800e+06 2.14786000e+05 1.79787000e+06
 1.37018730e+07 1.80308000e+05 7.08500000e+04 1.20547000e+05
 7.99978000e+05],,,,,,,
0,328,97088,,,,,,,,,,,,,[1.78036659e+08 1.78508100e+06 1.14855000e+05 2.11027800e+06
 1.33931460e+07 1.76627000e+05 1.30475000e+05 1.06829000e+05
 7.54071000e+05],,,,,,,
0,329,97384,,,,,,,,,,,,,[1.77726253e+08 2.04184000e+06 1.68502000e+05 1.91105700e+06
 1.36228770e+07 1.46117000e+05 9.24760000e+04 1.40882000e+05
 7.58017000e+05],,,,,,,
0,330,97680,,,,,,,,,,,,,[1.77497043e+08 2.29681500e+06 1.42737000e+05 1.75424600e+06
 1.38066210e+07 1.19184000e+05 1.00004000e+05 1.62395000e+05
 7.28976000e+05],,,,,,,
0,331,97976,,,,,,,,,,,,,[1.77645871e+08 2.15953500e+06 1.31189000e+05 1.82990100e+06
 1.37329980e+07 1.17152000e+05 1.07295000e+05 1.63079000e+05
 7.21001000e+05],,,,,,,
0,332,98272,,,,,,,,,,,,,[1.78030474e+08 1.74753200e+06 1.58589000e+05 2.15006200e+06
 1.33126500e+07 2.17339000e+05 1.01292000e+05 8.93070000e+04
 8.00776000e+05],,,,,,,
0,333,98568,,,,,,,,,,,,,[1.77702414e+08 2.05620700e+06 1.77974000e+05 1.87108400e+06
 1.36031100e+07 2.05857000e+05 8.99040000e+04 9.70690000e+04
 8.04402000e+05],,,,,,,
0,334,98864,,,,,,,,,,,,,[1.7811565e+08 1.6790240e+06 1.4192100e+05 2.1892140e+06 1.3322493e+07
 1.6834400e+05 1.0736300e+05 1.1977900e+05 7.6423300e+05],,,,,,,
0,335,99160,,,,,,,,,,,,,[1.77740167e+08 2.01944000e+06 1.76988000e+05 1.89359600e+06
 1.35974100e+07 1.89045000e+05 8.90080000e+04 1.08587000e+05
 7.93780000e+05],,,,,,,
0,336,99456,,,,,,,,,,,,,[1.77605477e+08 2.15260800e+06 1.78510000e+05 1.81892400e+06
 1.37092890e+07 1.51838000e+05 8.51330000e+04 1.36748000e+05
 7.69494000e+05],,,,,,,
0,337,99752,,,,,,,,,,,,,[1.77536136e+08 2.21571300e+06 1.84746000e+05 1.79449300e+06
 1.37454450e+07 1.40113000e+05 7.99030000e+04 1.43893000e+05
 7.67579000e+05],,,,,,,
0,338,100048,,,,,,,,,,,,,[1.78087589e+08 1.75356700e+06 9.54390000e+04 2.11719300e+06
 1.34388140e+07 1.24044000e+05 1.40189000e+05 1.50168000e+05
 7.01018000e+05],,,,,,,
