0,0,0,93.2454550266,,,,,,920805.111803,0.915204751489,0.333333333333,0.305068250496,0.837599737148,,,958652.124008,0.929895213891,0.333333333333,0.309965071297,,,0.864705108818
0,0,0,132.901590824,113598.351562,1.0,1.0,1.0,1.0,,,,,,,,,,,,,,
0,0,1,133.021008968,216931.34375,1.0,1.0,1.0,1.0,,,,,,,,,,,,,,
0,0,2,133.136232853,207996.640625,1.0,1.0,1.0,1.0,,,,,,,,,,,,,,
0,0,3,133.247701883,31381.1367188,0.999543094496,0.5,0.499771547248,0.999086397755,,,,,,,,,,,,,,
0,0,4,133.356739998,202944.703125,0.99529375,0.5,0.497646875,0.990609648789,,,,,,,,,,,,,,
0,0,5,133.465759993,221533.890625,0.240564646217,0.5,0.120282323109,0.0578713490097,,,,,,,,,,,,,,
0,0,6,133.57453084,164050.84375,0.980745404253,0.5,0.490372702126,0.961861547963,,,,,,,,,,,,,,
0,0,7,133.747535944,183343.3125,0.7992375,0.333333333333,0.2664125,0.638780581406,,,,,,,,,,,,,,
0,0,8,133.855567932,109924.945312,0.863283806151,0.5,0.431641903076,0.745258929963,,,,,,,,,,,,,,
0,0,9,133.964222908,154627.34375,0.9529125,0.5,0.47645625,0.908042232656,,,,,,,,,,,,,,
0,0,10,134.071827888,59530.2617188,0.968758720973,0.5,0.484379360486,0.938493459461,,,,,,,,,,,,,,
0,0,11,134.180280924,140262.625,0.743483622241,0.333333333333,0.24782787408,0.552767896541,,,,,,,,,,,,,,
0,0,12,134.288053989,39809.671875,0.0012891753723,0.333333333333,0.000429725124102,1.66197314056e-06,,,,,,,,,,,,,,
0,0,13,134.396718025,139203.21875,0.754594957983,0.333333333333,0.251531652661,0.569413550614,,,,,,,,,,,,,,
0,0,14,134.505249023,80051.125,1.0,1.0,1.0,1.0,,,,,,,,,,,,,,
0,0,15,134.61290288,41742.9921875,0.681538636106,0.333333333333,0.227179545369,0.464494912505,,,,,,,,,,,,,,
0,0,16,134.722195864,68814.375,0.99345625,0.5,0.496728125,0.986955320664,,,,,,,,,,,,,,
0,0,17,134.83125186,111454.53125,0.774910835569,0.333333333333,0.258303611856,0.600486803083,,,,,,,,,,,,,,
0,0,18,135.004076958,42922.8085938,0.985154155496,0.5,0.492577077748,0.970528710091,,,,,,,,,,,,,,
0,0,19,135.112759829,37950.046875,1.0,1.0,1.0,1.0,,,,,,,,,,,,,,
0,0,20,135.220918894,38186.6484375,0.945575523203,0.5,0.472787761601,0.89411307008,,,,,,,,,,,,,,
0,0,21,135.329646826,36128.109375,1.0,1.0,1.0,1.0,,,,,,,,,,,,,,
0,0,22,135.438288927,34969.8515625,0.965565181571,0.5,0.482782590786,0.932316119863,,,,,,,,,,,,,,
0,0,23,135.546412945,15874.6113281,1.0,1.0,1.0,1.0,,,,,,,,,,,,,,
0,0,24,135.654359818,31671.2011719,0.813446279219,0.5,0.40672313961,0.661694849176,,,,,,,,,,,,,,
0,0,25,135.763173819,12577.2705078,0.99978125,0.5,0.499890625,0.999562547852,,,,,,,,,,,,,,
0,0,26,135.870524883,-0.0,nan,nan,nan,0.0,,,,,,,,,,,,,,
0,0,27,135.97939682,89297.65625,0.876603226463,0.333333333333,0.292201075488,0.768433216644,,,,,,,,,,,,,,
0,0,28,136.087887049,12373.4482422,0.982537721124,0.5,0.491268860562,0.965380373431,,,,,,,,,,,,,,
0,0,29,136.196877956,3859.56787109,1.0,1.0,1.0,1.0,,,,,,,,,,,,,,
0,0,30,136.305515051,2465.50488281,1.0,1.0,1.0,1.0,,,,,,,,,,,,,,
0,0,31,136.679146051,3038.17675781,1.0,1.0,1.0,1.0,,,,,,,,,,,,,,
0,0,32,136.788178921,639762.6875,0.153725,0.5,0.0768625,0.023631375625,,,,,,,,,,,,,,
0,0,33,136.89572382,69486.9921875,0.148414634146,0.5,0.0742073170732,0.0220269036288,,,,,,,,,,,,,,
0,0,34,137.004294872,158398.375,0.815865540438,0.5,0.407932770219,0.665636580074,,,,,,,,,,,,,,
0,0,35,137.11309886,60738.5234375,0.928882000081,0.5,0.46444100004,0.862821770074,,,,,,,,,,,,,,
0,0,36,137.284556866,1.56827163696,1.0,1.0,1.0,1.0,,,,,,,,,,,,,,
0,0,37,137.393446922,116044.148438,0.85783763313,0.333333333333,0.28594587771,0.735885404814,,,,,,,,,,,,,,
0,0,38,137.502424002,21909.6660156,0.97908125,0.5,0.489540625,0.958600094102,,,,,,,,,,,,,,
0,0,39,137.611029863,491.706115723,1.0,1.0,1.0,1.0,,,,,,,,,,,,,,
0,0,40,137.719491005,80102.234375,0.857323529083,0.333333333333,0.285774509694,0.735003633519,,,,,,,,,,,,,,
0,0,41,137.828205824,581.094909668,1.0,1.0,1.0,1.0,,,,,,,,,,,,,,
0,0,42,137.936599016,274012.6875,0.717325,0.5,0.3586625,0.514555155625,,,,,,,,,,,,,,
0,0,43,138.045224905,5346.58300781,0.994920036398,0.5,0.497460018199,0.989865878826,,,,,,,,,,,,,,
0,0,44,138.153420925,37323.3320312,0.932928812571,0.5,0.466464406285,0.870356169325,,,,,,,,,,,,,,
0,0,45,138.261606932,165759.109375,0.683836413529,0.333333333333,0.227945471176,0.467632240468,,,,,,,,,,,,,,
0,0,46,138.377954006,467037.75,0.54415625,0.5,0.272078125,0.296106024414,,,,,,,,,,,,,,
0,0,47,138.486436844,26157.3671875,0.962513548093,0.5,0.481256774046,0.926432330262,,,,,,,,,,,,,,
0,0,48,138.594835997,666.260986328,1.0,1.0,1.0,1.0,,,,,,,,,,,,,,
0,0,49,138.704334974,47226.390625,0.946491095494,0.333333333333,0.315497031831,0.895845393849,,,,,,,,,,,,,,
0,0,50,138.813110828,129810.078125,0.83823125,0.5,0.419115625,0.702631628477,,,,,,,,,,,,,,
0,0,51,138.922158003,22778.6601562,0.97285625,0.5,0.486428125,0.946449283164,,,,,,,,,,,,,,
0,0,52,139.031066895,12651.0429688,0.989925,0.333333333333,0.329975,0.979951505625,,,,,,,,,,,,,,
0,0,53,139.139775038,97773.1953125,0.86607202423,0.5,0.433036012115,0.750080751155,,,,,,,,,,,,,,
0,0,54,139.248570919,4105.18603516,0.997807732961,0.5,0.49890386648,0.995620271957,,,,,,,,,,,,,,
0,0,55,139.357203007,41796.2382812,0.95733125,0.5,0.478665625,0.916483122227,,,,,,,,,,,,,,
0,0,56,139.469502926,262176.09375,0.629725,0.333333333333,0.209908333333,0.396553575625,,,,,,,,,,,,,,
0,0,57,139.585983038,241807.703125,0.596015037594,0.333333333333,0.198671679198,0.355233925038,,,,,,,,,,,,,,
0,0,58,139.698607922,173576.140625,0.702575,0.5,0.3512875,0.493611630625,,,,,,,,,,,,,,
0,0,59,139.807296038,8404.88378906,0.992350632621,0.5,0.49617531631,0.984759778063,,,,,,,,,,,,,,
0,0,60,139.916375875,47251.9960938,0.92484375,0.5,0.462421875,0.855335961914,,,,,,,,,,,,,,
0,0,61,140.024821043,3196.8605957,1.0,1.0,1.0,1.0,,,,,,,,,,,,,,
0,0,62,140.134171963,5497.77148438,0.99935625,0.5,0.499678125,0.998712914414,,,,,,,,,,,,,,
0,0,63,140.242493868,138310.125,0.636704777573,0.333333333333,0.212234925858,0.405392973785,,,,,,,,,,,,,,
0,0,64,140.351938963,9220.57421875,1.0,1.0,1.0,1.0,,,,,,,,,,,,,,
0,0,65,140.460069895,20729.0820312,0.945029132329,0.5,0.472514566165,0.893080060951,,,,,,,,,,,,,,
0,0,66,140.569041014,84532.65625,0.815739720128,0.333333333333,0.271913240043,0.665431290994,,,,,,,,,,,,,,
0,0,67,140.67738986,31118.9296875,0.940389163621,0.333333333333,0.31346305454,0.884331779055,,,,,,,,,,,,,,
0,0,68,140.78567791,91960.796875,0.763904768571,0.5,0.381952384286,0.583550495446,,,,,,,,,,,,,,
0,0,69,140.894538879,23374.4375,0.9806625,0.5,0.49033125,0.961698938906,,,,,,,,,,,,,,
0,0,70,141.003036022,128116.976562,0.6802,0.333333333333,0.226733333333,0.46267204,,,,,,,,,,,,,,
0,0,71,141.11224699,9113.55078125,1.0,1.0,1.0,1.0,,,,,,,,,,,,,,
0,0,72,141.220808983,12048.2509766,1.0,1.0,1.0,1.0,,,,,,,,,,,,,,
0,0,73,141.329536915,15084.3476562,1.0,1.0,1.0,1.0,,,,,,,,,,,,,,
0,0,74,141.437657833,10527.3388672,0.991415498745,0.5,0.495707749373,0.982904691152,,,,,,,,,,,,,,
0,0,75,141.546424866,12772.9658203,1.0,1.0,1.0,1.0,,,,,,,,,,,,,,
0,0,76,141.654747009,3299.65771484,0.969090909091,0.5,0.484545454545,0.939137190083,,,,,,,,,,,,,,
0,0,77,141.76364398,141883.75,0.434102643168,0.333333333333,0.144700881056,0.188445104806,,,,,,,,,,,,,,
0,0,78,141.870718956,-0.0,nan,nan,nan,0.0,,,,,,,,,,,,,,
0,0,79,141.978770018,15839.7197266,0.984706052975,0.5,0.492353026488,0.969646010766,,,,,,,,,,,,,,
0,0,80,142.087813854,61388.5,0.90241875,0.333333333333,0.30080625,0.814359600352,,,,,,,,,,,,,,
0,0,81,142.196274996,32484.4785156,0.975794089812,0.5,0.487897044906,0.952174105713,,,,,,,,,,,,,,
0,0,82,142.304302931,35640.9960938,0.923673108996,0.5,0.461836554498,0.853172012283,,,,,,,,,,,,,,
0,0,83,142.411551952,-0.0,nan,nan,nan,0.0,,,,,,,,,,,,,,
0,0,84,142.520787954,43357.0742188,0.94764375,0.5,0.473821875,0.898028676914,,,,,,,,,,,,,,
0,0,85,142.630053043,27353.875,1.0,1.0,1.0,1.0,,,,,,,,,,,,,,
0,0,86,142.739282846,18337.921875,0.979242111697,0.5,0.489621055848,0.95891511332,,,,,,,,,,,,,,
0,0,87,142.848215818,87060.8671875,0.792383523798,0.333333333333,0.264127841266,0.627871648786,,,,,,,,,,,,,,
0,0,88,142.957309961,62236.0742188,0.89149375,0.5,0.445746875,0.794761106289,,,,,,,,,,,,,,
0,0,89,143.066346884,43294.0546875,0.916206780043,0.333333333333,0.305402260014,0.839434863796,,,,,,,,,,,,,,
0,0,90,143.175148964,52860.1757812,0.9507625,0.333333333333,0.316920833333,0.903949331406,,,,,,,,,,,,,,
0,0,91,143.283835888,57721.015625,0.842943003934,0.333333333333,0.280981001311,0.710552907882,,,,,,,,,,,,,,
0,0,92,143.392333031,32288.5625,1.0,1.0,1.0,1.0,,,,,,,,,,,,,,
0,0,93,143.500711918,69733.671875,0.903150115126,0.333333333333,0.301050038375,0.815680130452,,,,,,,,,,,,,,
0,0,94,143.609328985,31492.1660156,0.972416818096,0.5,0.486208409048,0.945594468117,,,,,,,,,,,,,,
0,0,95,143.718317032,84708.375,0.638062661537,0.333333333333,0.212687553846,0.407123960048,,,,,,,,,,,,,,
0,0,96,143.82603097,34089.9296875,0.762967826658,0.5,0.381483913329,0.582119904515,,,,,,,,,,,,,,
0,0,97,143.934167862,48236.5390625,0.715781403484,0.5,0.357890701742,0.512343017573,,,,,,,,,,,,,,
0,0,98,144.043011904,52214.4882812,0.9894625,0.5,0.49473125,0.979036038906,,,,,,,,,,,,,,
0,0,99,144.151888847,18713.5878906,1.0,1.0,1.0,1.0,,,,,,,,,,,,,,
0,0,100,144.259522915,20773.5195312,0.89385273355,0.5,0.446926366775,0.798972709274,,,,,,,,,,,,,,
0,0,101,144.367885828,31316.3710938,1.0,1.0,1.0,1.0,,,,,,,,,,,,,,
0,0,102,144.476675987,49867.3125,1.0,1.0,1.0,1.0,,,,,,,,,,,,,,
0,0,103,144.58476305,44822.828125,0.766785985465,0.5,0.383392992732,0.587960747505,,,,,,,,,,,,,,
0,0,104,144.693967819,58985.578125,0.91905531437,0.333333333333,0.306351771457,0.844662670872,,,,,,,,,,,,,,
0,0,105,144.801738024,60847.859375,0.776266151519,0.333333333333,0.25875538384,0.602589137994,,,,,,,,,,,,,,
0,0,106,144.910588026,64958.21875,0.8984625,0.5,0.44923125,0.807234863906,,,,,,,,,,,,,,
0,0,107,145.01939702,43636.90625,0.97091875,0.333333333333,0.323639583333,0.942683219102,,,,,,,,,,,,,,
0,0,108,145.128370047,28369.1914062,1.0,1.0,1.0,1.0,,,,,,,,,,,,,,
0,0,109,145.237063885,38169.1523438,0.952475,0.5,0.4762375,0.907208625625,,,,,,,,,,,,,,
0,0,110,145.345818043,111818.75,0.5952625,0.333333333333,0.198420833333,0.354337443906,,,,,,,,,,,,,,
0,0,111,145.453996897,39920.8554688,0.995381590706,0.5,0.497690795353,0.990784511116,,,,,,,,,,,,,,
0,0,112,145.562701941,103490.71875,0.877165324539,0.333333333333,0.292388441513,0.769419006573,,,,,,,,,,,,,,
0,0,113,145.671315908,176761.546875,0.368575,0.5,0.1842875,0.135847530625,,,,,,,,,,,,,,
0,0,114,145.780546904,136126.78125,0.70406875,0.333333333333,0.234689583333,0.495712804727,,,,,,,,,,,,,,
0,0,115,145.889401913,47548.1796875,0.96753125,0.5,0.483765625,0.936116719727,,,,,,,,,,,,,,
0,0,116,145.997340918,26202.40625,0.971121207835,0.5,0.485560603918,0.943076400308,,,,,,,,,,,,,,
0,0,117,146.10618186,33838.96875,0.874371757458,0.5,0.437185878729,0.76452597024,,,,,,,,,,,,,,
0,0,118,146.214548826,29348.5898438,1.0,1.0,1.0,1.0,,,,,,,,,,,,,,
0,0,119,146.323570013,68009.578125,0.83473769189,0.5,0.417368845945,0.696787014263,,,,,,,,,,,,,,
0,0,120,146.432416916,23746.0136719,1.0,1.0,1.0,1.0,,,,,,,,,,,,,,
0,0,121,146.70597291,19178.4804688,1.0,1.0,1.0,1.0,,,,,,,,,,,,,,
0,0,122,146.814543962,10332.5283203,1.0,1.0,1.0,1.0,,,,,,,,,,,,,,
0,0,123,147.137995958,21581.328125,1.0,1.0,1.0,1.0,,,,,,,,,,,,,,
0,0,124,147.268538952,63806.03125,0.798514688918,0.5,0.399257344459,0.637625708418,,,,,,,,,,,,,,
0,0,125,147.377655983,70148.0703125,0.839379293135,0.333333333333,0.279793097712,0.704557597744,,,,,,,,,,,,,,
0,0,126,147.486385822,126746.539062,0.310279221538,0.333333333333,0.103426407179,0.0962731953185,,,,,,,,,,,,,,
0,0,127,147.595371962,11758.8496094,1.0,1.0,1.0,1.0,,,,,,,,,,,,,,
0,0,128,147.703986883,11703.7207031,1.0,1.0,1.0,1.0,,,,,,,,,,,,,,
0,0,129,147.812013865,34014.9140625,0.901083877151,0.333333333333,0.300361292384,0.811952153662,,,,,,,,,,,,,,
0,0,130,147.920186996,80660.03125,0.78522436091,0.333333333333,0.261741453637,0.616577296967,,,,,,,,,,,,,,
0,0,131,148.0288589,37451.6015625,0.962232903564,0.333333333333,0.320744301188,0.925892160701,,,,,,,,,,,,,,
0,0,132,148.137389898,43059.9375,0.9767375,0.5,0.48836875,0.954016143906,,,,,,,,,,,,,,
0,0,133,148.246240854,66992.3828125,0.8930875,0.333333333333,0.297695833333,0.797605282656,,,,,,,,,,,,,,
0,0,134,148.354264975,6048.83203125,1.0,1.0,1.0,1.0,,,,,,,,,,,,,,
0,0,135,148.462967873,38401.0273438,0.936384416176,0.5,0.468192208088,0.876815774858,,,,,,,,,,,,,,
0,0,136,148.571576834,54379.7617188,0.88489375,0.5,0.442446875,0.783036948789,,,,,,,,,,,,,,
0,0,137,148.680636883,36052.8984375,0.923958248389,0.5,0.461979124195,0.853698844767,,,,,,,,,,,,,,
0,0,138,148.789526939,8696.95898438,1.0,1.0,1.0,1.0,,,,,,,,,,,,,,
0,0,139,148.897626877,45381.6796875,0.888876814407,0.5,0.444438407203,0.79010199119,,,,,,,,,,,,,,
0,0,140,149.00672102,18785.0546875,0.999011183638,0.5,0.499505591819,0.998023345034,,,,,,,,,,,,,,
0,0,141,149.115228891,25397.421875,0.98795,0.333333333333,0.329316666667,0.9760452025,,,,,,,,,,,,,,
0,0,142,149.223505974,11257.9648438,0.986432896799,0.5,0.4932164484,0.973049859888,,,,,,,,,,,,,,
0,0,143,149.331771851,4299.58984375,1.0,1.0,1.0,1.0,,,,,,,,,,,,,,
0,0,144,149.440557957,58744.890625,0.91120625,0.333333333333,0.303735416667,0.830296830039,,,,,,,,,,,,,,
0,0,145,149.549451828,58995.7890625,0.9207875,0.333333333333,0.306929166667,0.847849620156,,,,,,,,,,,,,,
0,0,146,149.658442974,265658.84375,0.202902226731,0.333333333333,0.0676340755772,0.0411693136126,,,,,,,,,,,,,,
0,0,147,149.767266989,182311.8125,0.36745625,0.333333333333,0.122485416667,0.135024095664,,,,,,,,,,,,,,
0,0,148,149.876083851,13047.0185547,0.98646875,0.5,0.493234375,0.973120594727,,,,,,,,,,,,,,
0,0,149,149.984668016,239977.296875,0.245725,0.333333333333,0.0819083333333,0.060380775625,,,,,,,,,,,,,,
0,0,150,150.092954874,10456.9941406,0.993449622967,0.5,0.496724811484,0.986942153374,,,,,,,,,,,,,,
0,0,151,150.20893693,13174.6708984,0.990158981165,0.333333333333,0.330052993722,0.980414807982,,,,,,,,,,,,,,
0,0,152,150.324851036,310632.375,0.156288601341,0.333333333333,0.0520962004468,0.024426126909,,,,,,,,,,,,,,
0,0,153,150.437222004,9331.65429688,1.0,1.0,1.0,1.0,,,,,,,,,,,,,,
0,0,154,150.545740843,31014.5,0.90572643437,0.5,0.452863217185,0.820340373916,,,,,,,,,,,,,,
0,0,155,150.65486002,19997.6855469,0.958745697598,0.5,0.479372848799,0.919193312664,,,,,,,,,,,,,,
0,0,156,150.764102936,13430.8574219,1.0,1.0,1.0,1.0,,,,,,,,,,,,,,
0,0,157,150.904698849,8137.46875,1.0,1.0,1.0,1.0,,,,,,,,,,,,,,
0,0,158,151.013597965,97586.265625,0.65131875,0.5,0.325659375,0.424216114102,,,,,,,,,,,,,,
0,0,159,151.123776913,16776.8886719,1.0,1.0,1.0,1.0,,,,,,,,,,,,,,
0,0,160,151.240109921,17282.390625,0.99758125,0.5,0.498790625,0.995168350352,,,,,,,,,,,,,,
0,0,161,151.352185965,27148.6523438,0.96080625,0.333333333333,0.32026875,0.923148650039,,,,,,,,,,,,,,
0,0,162,151.46123004,44321.8125,0.91078125,0.5,0.455390625,0.829522485352,,,,,,,,,,,,,,
0,0,163,151.57051301,112170.125,0.75906875,0.5,0.379534375,0.576185367227,,,,,,,,,,,,,,
0,0,164,151.679819822,16312.5761719,0.9777,0.5,0.48885,0.95589729,,,,,,,,,,,,,,
0,0,165,151.788841009,31910.921875,0.95291875,0.333333333333,0.317639583333,0.908054144102,,,,,,,,,,,,,,
0,0,166,151.897711992,19343.3027344,0.993168200165,0.5,0.496584100083,0.98638307382,,,,,,,,,,,,,,
0,0,167,152.006705999,32741.9707031,0.945603915652,0.333333333333,0.315201305217,0.894166765296,,,,,,,,,,,,,,
0,0,168,152.115708828,24238.7128906,0.952624108976,0.5,0.476312054488,0.907492693003,,,,,,,,,,,,,,
0,0,169,152.224534988,16221.515625,0.997253194179,0.5,0.498626597089,0.994513933299,,,,,,,,,,,,,,
0,0,170,152.333402872,7482.71386719,0.997419094214,0.5,0.498709547107,0.994844849503,,,,,,,,,,,,,,
0,0,171,152.44200182,7967.33398438,1.0,1.0,1.0,1.0,,,,,,,,,,,,,,
0,0,172,152.549846888,2242.65307617,1.0,1.0,1.0,1.0,,,,,,,,,,,,,,
0,0,173,152.658777952,174909.59375,0.258023608122,0.333333333333,0.0860078693739,0.0665761823481,,,,,,,,,,,,,,
0,0,174,152.767990828,8137.85205078,0.99880625,0.5,0.499403125,0.997613925039,,,,,,,,,,,,,,
0,0,175,152.876709938,31859.171875,1.0,1.0,1.0,1.0,,,,,,,,,,,,,,
0,0,176,152.985029936,48336.0117188,0.884208473502,0.333333333333,0.294736157834,0.781824624613,,,,,,,,,,,,,,
0,0,177,153.093721867,181321.21875,0.43501553426,0.333333333333,0.145005178087,0.189238515047,,,,,,,,,,,,,,
0,0,178,153.201972961,24869.7402344,0.984104610682,0.5,0.492052305341,0.968461884765,,,,,,,,,,,,,,
0,0,179,153.310657978,90877.890625,0.7519875,0.335505272892,0.252706493473,0.565594243874,,,,,,,,,,,,,,
0,0,180,153.419559956,24677.65625,0.975775,0.5,0.4878875,0.952136850625,,,,,,,,,,,,,,
0,0,181,153.528072834,37972.7304688,0.99049375,0.5,0.495246875,0.981077868789,,,,,,,,,,,,,,
0,0,182,153.63718605,26267.4375,0.960136884354,0.5,0.480068442177,0.921862836698,,,,,,,,,,,,,,
0,0,183,153.746085882,14140.1503906,0.99568125,0.5,0.497840625,0.991381151602,,,,,,,,,,,,,,
0,0,184,153.854642868,86397.703125,0.82078125,0.333333333333,0.27359375,0.673681860352,,,,,,,,,,,,,,
0,0,185,153.965778828,47156.4101562,0.88606875,0.5,0.443034375,0.785117829727,,,,,,,,,,,,,,
0,0,186,154.084559917,14633.0517578,1.0,1.0,1.0,1.0,,,,,,,,,,,,,,
0,0,187,154.193218946,52061.5195312,0.86161875,0.5,0.430809375,0.742386870352,,,,,,,,,,,,,,
0,0,188,154.301785946,8854.75878906,1.0,1.0,1.0,1.0,,,,,,,,,,,,,,
0,0,189,154.414180994,32639.6855469,0.99314375,0.5,0.496571875,0.986334508164,,,,,,,,,,,,,,
0,0,190,154.535704851,74151.390625,0.85084375,0.49502938823,0.426324230951,0.742457569569,,,,,,,,,,,,,,
0,0,191,154.644134998,39908.0859375,0.930341096584,0.333333333333,0.310113698861,0.865534555993,,,,,,,,,,,,,,
0,0,192,154.752738953,4578.65136719,1.0,1.0,1.0,1.0,,,,,,,,,,,,,,
0,0,193,154.860781908,2447.28564453,1.0,1.0,1.0,1.0,,,,,,,,,,,,,,
0,0,194,154.969197989,23531.1660156,0.9835375,0.333333333333,0.327845833333,0.967346013906,,,,,,,,,,,,,,
0,0,195,155.077940941,29341.0390625,0.932778027037,0.333333333333,0.310926009012,0.870074847723,,,,,,,,,,,,,,
0,0,196,155.186429977,70785.0,0.83418559706,0.5,0.41709279853,0.695865610342,,,,,,,,,,,,,,
0,0,197,155.295676947,4211.81982422,1.0,1.0,1.0,1.0,,,,,,,,,,,,,,
0,0,198,155.410854816,56250.5898438,0.893925,0.333333333333,0.297975,0.799101905625,,,,,,,,,,,,,,
0,0,199,155.519434929,15993.8642578,0.999744316366,0.5,0.499872158183,0.999488698106,,,,,,,,,,,,,,
0,0,200,155.628865957,9854.25488281,0.99645,0.5,0.498225,0.9929126025,,,,,,,,,,,,,,
0,0,201,155.736927986,55963.9804688,0.740911099278,0.5,0.370455549639,0.548949257034,,,,,,,,,,,,,,
0,0,202,155.845854044,3581.40820312,1.0,1.0,1.0,1.0,,,,,,,,,,,,,,
0,0,203,155.953856945,13584.7539062,1.0,1.0,1.0,1.0,,,,,,,,,,,,,,
0,0,204,156.062290907,68242.2578125,0.799153554369,0.333333333333,0.266384518123,0.638646403461,,,,,,,,,,,,,,
0,0,205,156.170842886,35317.984375,0.859363640251,0.5,0.429681820126,0.738505866186,,,,,,,,,,,,,,
0,0,206,156.279315948,117729.46875,0.49474375,0.50017311949,0.24750077683,0.244816060662,,,,,,,,,,,,,,
0,0,207,156.387933016,168165.4375,0.6902375,0.5,0.34511875,0.476427806406,,,,,,,,,,,,,,
0,0,208,156.496446848,73068.078125,0.718857071661,0.600831149615,0.466864842442,0.552324325725,,,,,,,,,,,,,,
0,0,209,156.605423927,8996.56445312,1.0,1.0,1.0,1.0,,,,,,,,,,,,,,
0,0,210,156.714315891,4158.47607422,1.0,1.0,1.0,1.0,,,,,,,,,,,,,,
0,0,211,156.823153973,37949.609375,0.95511875,0.5,0.477559375,0.912251826602,,,,,,,,,,,,,,
0,0,212,156.93205595,54888.5,0.88400625,0.497600669842,0.442003125,0.78523512668,,,,,,,,,,,,,,
0,0,213,157.040902853,71304.46875,0.85784375,0.574590796717,0.419013053651,0.790970755888,,,,,,,,,,,,,,
0,0,214,157.148061991,16.172203064,1.0,1.0,1.0,1.0,,,,,,,,,,,,,,
0,0,215,157.256734848,169578.46875,0.365267617994,0.340512971187,0.126276087061,0.138527431318,,,,,,,,,,,,,,
0,0,216,157.365478039,97592.46875,0.7659625,0.485570590711,0.385932966225,0.620613793386,,,,,,,,,,,,,,
0,0,217,157.474057913,17795.4082031,0.978984964964,0.5,0.489492482482,0.958411561625,,,,,,,,,,,,,,
0,0,218,157.582983971,42207.953125,0.84953125,0.518191642651,0.442527400174,0.721832707971,,,,,,,,,,,,,,
0,0,219,157.691972017,21413.0664062,1.0,1.0,1.0,1.0,,,,,,,,,,,,,,
0,0,220,157.800806999,7199.22851562,0.994786294331,0.5,0.497393147165,0.989599771388,,,,,,,,,,,,,,
0,0,221,157.909348965,27207.3105469,0.9841375,0.5,0.49206875,0.968526618906,,,,,,,,,,,,,,
0,0,222,158.018306017,16686.2773438,1.0,1.0,1.0,1.0,,,,,,,,,,,,,,
0,0,223,158.126390934,24538.796875,0.896806151814,0.5,0.448403075907,0.804261273931,,,,,,,,,,,,,,
0,0,224,158.235281944,18248.015625,0.965233274749,0.5,0.482616637375,0.931675274683,,,,,,,,,,,,,,
0,0,225,158.344051838,97652.28125,0.7793,0.460567820633,0.371512334847,0.636527738919,,,,,,,,,,,,,,
0,0,226,158.452764034,32174.1582031,0.93670625,0.5,0.468353125,0.877418598789,,,,,,,,,,,,,,
0,0,227,158.561589003,64050.0546875,0.78728125,0.5,0.393640625,0.619811766602,,,,,,,,,,,,,,
0,0,228,158.670771837,12165.5498047,0.97618063262,0.5,0.48809031631,0.952928627503,,,,,,,,,,,,,,
0,0,229,158.778528929,30942.0898438,0.97698533131,0.499824402506,0.325661777103,0.954835671096,,,,,,,,,,,,,,
0,0,230,158.887048006,126159.648438,0.745142657098,0.53111284618,0.334748590671,0.641923453644,,,,,,,,,,,,,,
0,0,231,158.996027946,30435.4453125,1.0,1.0,1.0,1.0,,,,,,,,,,,,,,
0,0,232,159.104786873,83135.796875,0.77384375,0.643440837453,0.524668284902,0.631772172767,,,,,,,,,,,,,,
0,0,233,159.21346283,3030.26489258,1.0,1.0,1.0,1.0,,,,,,,,,,,,,,
0,0,234,159.321718931,11833.2919922,0.971523767215,0.5,0.485761883607,0.943858430263,,,,,,,,,,,,,,
0,0,235,159.430325985,41801.0507812,0.894885437354,0.333333333333,0.298295145785,0.800819945988,,,,,,,,,,,,,,
0,0,236,159.538357973,40261.390625,0.971503735812,0.332864327991,0.323892307656,0.945317838014,,,,,,,,,,,,,,
0,0,237,159.647430897,33988.0625,0.921012372593,0.333333333333,0.307004124198,0.848263790469,,,,,,,,,,,,,,
0,0,238,159.756206989,46050.7695312,0.9131,0.333333333333,0.304366666667,0.83375161,,,,,,,,,,,,,,
0,0,239,159.865010977,41675.359375,0.92093125,0.333333333333,0.306977083333,0.848114367227,,,,,,,,,,,,,,
0,0,240,159.973433018,277934.59375,0.0778115698201,0.336255238559,0.0264029736139,0.0128496610314,,,,,,,,,,,,,,
0,0,241,160.081818819,4583.51660156,1.0,1.0,1.0,1.0,,,,,,,,,,,,,,
0,0,242,160.190351963,94164.8359375,0.84069375,0.5,0.420346875,0.706765981289,,,,,,,,,,,,,,
0,0,243,160.29892993,8785.82324219,1.0,1.0,1.0,1.0,,,,,,,,,,,,,,
0,0,244,160.407373905,38384.0078125,0.794911189692,0.504127520736,0.401407761768,0.631955725708,,,,,,,,,,,,,,
0,0,245,160.516039848,70859.7265625,0.7622625,0.7622625,0.38113125,0.7622625,,,,,,,,,,,,,,
0,0,246,160.625185966,30291.3710938,0.9574875,0.5,0.47874375,0.916782312656,,,,,,,,,,,,,,
0,0,247,160.733775854,194080.546875,0.50834375,0.333333333333,0.169447916667,0.258413368164,,,,,,,,,,,,,,
0,0,248,160.842334032,45179.734375,0.9713375,0.333333333333,0.323779166667,0.943496538906,,,,,,,,,,,,,,
0,0,249,160.954696894,11246.1962891,0.996266609489,0.5,0.498133304744,0.992547157182,,,,,,,,,,,,,,
0,0,250,161.070737839,15101.9912109,1.0,1.0,1.0,1.0,,,,,,,,,,,,,,
0,0,251,161.187197924,32326.9648438,0.96595625,0.5,0.482978125,0.933071476914,,,,,,,,,,,,,,
0,0,252,161.298527956,14269.4091797,0.992468487602,0.5,0.496234243801,0.984993698882,,,,,,,,,,,,,,
0,0,253,161.414536953,87451.8359375,0.800025,0.589707968079,0.452864503064,0.683829970608,,,,,,,,,,,,,,
0,0,254,161.5229249,71974.8125,0.662000796612,0.752930732557,0.4941600578,0.50082543477,,,,,,,,,,,,,,
0,0,255,161.632172823,194652.46875,0.533644338522,0.333333333333,0.177881446174,0.284776280037,,,,,,,,,,,,,,
0,0,256,161.741521835,6163.21582031,1.0,1.0,1.0,1.0,,,,,,,,,,,,,,
0,0,257,161.850352049,20729.328125,0.99535625,0.5,0.497678125,0.990734064414,,,,,,,,,,,,,,
0,0,258,161.958945036,5457.9921875,1.0,1.0,1.0,1.0,,,,,,,,,,,,,,
0,0,259,162.067471981,114228.546875,0.68534375,0.5,0.342671875,0.469696055664,,,,,,,,,,,,,,
0,0,260,162.175827026,6761.05224609,1.0,1.0,1.0,1.0,,,,,,,,,,,,,,
0,0,261,162.284652948,40857.3867188,0.89746875,0.511319630623,0.459931959905,0.805475184227,,,,,,,,,,,,,,
0,0,262,162.393370867,113821.96875,0.5091125,0.494404351704,0.19422586968,0.460286593783,,,,,,,,,,,,,,
0,0,263,162.50243783,59742.6953125,0.79515,0.703283932135,0.534797313643,0.704366772276,,,,,,,,,,,,,,
0,0,264,162.611356974,50181.9804688,0.914881988583,0.902845294836,0.825651866949,0.844488347039,,,,,,,,,,,,,,
0,0,265,162.720477819,10414.5830078,0.99816875,0.5,0.499084375,0.996340853477,,,,,,,,,,,,,,
0,0,266,162.828063011,33641.8828125,0.792888342364,0.734003078471,0.610518326632,0.650528591628,,,,,,,,,,,,,,
0,0,267,162.936425924,40720.1640625,0.949606963589,0.333333333333,0.31653565453,0.901753385297,,,,,,,,,,,,,,
0,0,268,163.045186043,61520.5625,0.97258125,0.486293664335,0.486290625,0.972575171367,,,,,,,,,,,,,,
0,0,269,163.153739929,20184.6367188,0.99841595724,0.5,0.49920797862,0.996834423671,,,,,,,,,,,,,,
0,0,270,163.262426853,135634.78125,0.273113687876,0.261634944253,0.0954809029167,0.246373448436,,,,,,,,,,,,,,
0,0,271,163.371059895,11215.7412109,1.0,1.0,1.0,1.0,,,,,,,,,,,,,,
0,0,272,163.479920864,38701.2851562,0.922475,0.692203680297,0.644657402666,0.854951445365,,,,,,,,,,,,,,
0,0,273,163.588959932,45123.03125,0.986522004114,0.49649815642,0.493261002057,0.980089907703,,,,,,,,,,,,,,
0,0,274,163.698333979,22928.71875,0.9882625,0.5,0.49413125,0.976662768906,,,,,,,,,,,,,,
0,0,275,163.807122946,113270.125,0.597325,0.344285962014,0.24674381099,0.44958459966,,,,,,,,,,,,,,
0,0,276,163.916049957,2893.91796875,1.0,1.0,1.0,1.0,,,,,,,,,,,,,,
0,0,277,164.024726868,1931.46484375,1.0,1.0,1.0,1.0,,,,,,,,,,,,,,
0,0,278,164.139793873,2929.07983398,1.0,1.0,1.0,1.0,,,,,,,,,,,,,,
0,0,279,164.256103039,13630.7324219,0.976825,0.5,0.4884125,0.954187080625,,,,,,,,,,,,,,
0,0,280,164.368104935,121413.125,0.65799375,0.499905032336,0.328996875,0.433038024258,,,,,,,,,,,,,,
0,0,281,164.476191044,48695.6328125,0.954564333388,0.5,0.477282166694,0.911193066577,,,,,,,,,,,,,,
0,0,282,164.584996939,13926.7734375,0.99545625,0.5,0.497728125,0.990933145664,,,,,,,,,,,,,,
0,0,283,164.693806887,41057.7109375,0.92464375,0.333333333333,0.308214583333,0.854966064414,,,,,,,,,,,,,,
0,0,284,164.802538872,23697.1875,0.95510625,0.5,0.477553125,0.912227948789,,,,,,,,,,,,,,
0,0,285,164.911056995,31042.8769531,0.954391140158,0.5,0.477195570079,0.910862448412,,,,,,,,,,,,,,
0,0,286,165.019618034,78470.78125,0.79110625,0.373220272962,0.303930590729,0.634604820578,,,,,,,,,,,,,,
0,0,287,165.12805891,36158.7421875,0.934514408513,0.850684827893,0.754885497118,0.885300967652,,,,,,,,,,,,,,
0,0,288,165.236754894,72704.71875,0.7686125,0.427461572226,0.289331711916,0.735074898646,,,,,,,,,,,,,,
0,0,289,165.344393969,16096.6640625,0.940012985573,0.333333333333,0.313337661858,0.883624413047,,,,,,,,,,,,,,
0,0,290,165.452950954,16812.9804688,0.961875585795,0.5,0.480937792898,0.925204642549,,,,,,,,,,,,,,
0,0,291,165.560868025,18479.8085938,0.924226334951,0.333333333333,0.308075444984,0.854194318218,,,,,,,,,,,,,,
0,0,292,165.670346975,91677.9140625,0.701863137975,0.333333333333,0.233954379325,0.492611864448,,,,,,,,,,,,,,
0,0,293,165.779284954,2650.14770508,1.0,1.0,1.0,1.0,,,,,,,,,,,,,,
0,0,294,165.887730837,54330.9921875,0.92216892471,0.333333333333,0.30738964157,0.850395525701,,,,,,,,,,,,,,
0,1,295,165.99613595,358441.4375,0.225833153637,0.5,0.112916576818,0.0510006132816,,,,,,,,,,,,,,
0,1,296,231.89358592,,,,,,155094.834908,0.92059365167,0.360135925499,0.333513271277,0.848906029731,,,139019.599164,0.931541073173,0.359834908855,0.336789068087,,,0.869918882431
0,1,296,232.241148949,33308.3671875,0.922280514416,0.333333333333,0.307426838139,0.850601347271,,,,,,,,,,,,,,
0,1,297,232.361047983,2135.36401367,1.0,1.0,1.0,1.0,,,,,,,,,,,,,,
0,1,298,232.474596024,8574.47558594,0.992496075638,0.5,0.496248037819,0.985048460157,,,,,,,,,,,,,,
0,1,299,232.585387945,18259.5039062,0.987583609074,0.5,0.493791804537,0.975321384912,,,,,,,,,,,,,,
0,1,300,232.694722891,29339.1679688,0.95969375,0.5,0.479846875,0.921012093789,,,,,,,,,,,,,,
0,1,301,232.821461916,34709.0859375,0.90933125,0.333333333333,0.303110416667,0.826883322227,,,,,,,,,,,,,,
0,1,302,232.929986,71703.046875,0.861089754408,0.333333333333,0.287029918136,0.741475565147,,,,,,,,,,,,,,
0,1,303,233.038928032,23690.2910156,0.979625517003,0.5,0.489812758501,0.959666153562,,,,,,,,,,,,,,
0,1,304,233.146776915,25368.75,0.962843203345,0.5,0.481421601673,0.927067034229,,,,,,,,,,,,,,
0,1,305,233.255307913,13436.8671875,0.997277888679,0.5,0.498638944339,0.994563187247,,,,,,,,,,,,,,
0,1,306,233.363916874,39184.4453125,0.911732697532,0.5,0.455866348766,0.831256511749,,,,,,,,,,,,,,
0,1,307,233.472336054,38233.484375,0.914097177283,0.5,0.457048588642,0.835573649517,,,,,,,,,,,,,,
0,1,308,233.581333876,1273.11499023,1.0,1.0,1.0,1.0,,,,,,,,,,,,,,
0,1,309,233.689390898,9031.18164062,0.947701480048,0.5,0.473850740024,0.898138095285,,,,,,,,,,,,,,
0,1,310,233.798055887,10678.9785156,0.992786984822,0.5,0.496393492411,0.985625997231,,,,,,,,,,,,,,
0,1,311,233.907248974,7946.15820312,0.99535625,0.5,0.497678125,0.990734064414,,,,,,,,,,,,,,
0,1,312,234.01607585,56471.015625,0.866062739617,0.333333333333,0.288687579872,0.750064668953,,,,,,,,,,,,,,
0,1,313,234.124712944,38385.0546875,0.89448125,0.5,0.447240625,0.800096706602,,,,,,,,,,,,,,
0,1,314,234.233526945,79047.359375,0.8359875,0.5,0.41799375,0.698875100156,,,,,,,,,,,,,,
0,1,315,234.342344046,1008.32495117,1.0,1.0,1.0,1.0,,,,,,,,,,,,,,
0,1,316,234.451135874,21820.0585938,0.957808835944,0.5,0.478904417972,0.917397766213,,,,,,,,,,,,,,
0,1,317,234.559700966,1102.91455078,1.0,1.0,1.0,1.0,,,,,,,,,,,,,,
0,1,318,234.668201923,10982.0078125,0.982175658654,0.5,0.491087829327,0.964669024453,,,,,,,,,,,,,,
0,1,319,234.776605844,7359.33496094,1.0,1.0,1.0,1.0,,,,,,,,,,,,,,
0,1,320,234.885413885,63761.6875,0.86180625,0.333333333333,0.28726875,0.742710012539,,,,,,,,,,,,,,
0,1,321,234.993985891,98516.6328125,0.762806071821,0.333333333333,0.254268690607,0.581873103207,,,,,,,,,,,,,,
0,1,322,235.102524042,12329.7304688,0.987283200405,0.5,0.493641600203,0.974728117802,,,,,,,,,,,,,,
0,1,323,235.211010933,28631.6113281,0.959198610136,0.333333333333,0.319732870045,0.920061973686,,,,,,,,,,,,,,
0,1,324,235.318941832,53933.15625,0.681538636106,0.333333333333,0.227179545369,0.464494912505,,,,,,,,,,,,,,
0,1,325,235.427608013,45512.2578125,0.888992710359,0.5,0.444496355179,0.790308039071,,,,,,,,,,,,,,
0,1,326,235.535253048,70723.640625,0.707559653391,0.5,0.353779826696,0.500640663107,,,,,,,,,,,,,,
0,1,327,235.64414382,5687.75292969,0.996303986192,0.5,0.498151993096,0.992621632901,,,,,,,,,,,,,,
0,1,328,235.753124952,2559.45751953,1.0,1.0,1.0,1.0,,,,,,,,,,,,,,
0,1,329,235.861831903,11338.2880859,0.9924524779,0.5,0.49622623895,0.984961920889,,,,,,,,,,,,,,
0,1,330,235.969756842,11152.5507812,0.980680834055,0.5,0.490340417028,0.961734898283,,,,,,,,,,,,,,
0,1,331,236.078343868,235015.65625,0.4006875,0.5,0.20034375,0.160550472656,,,,,,,,,,,,,,
0,1,332,236.18699193,4246.13378906,1.0,1.0,1.0,1.0,,,,,,,,,,,,,,
0,1,333,236.295490026,104053.71875,0.7717125,0.333333333333,0.2572375,0.595540182656,,,,,,,,,,,,,,
0,1,334,236.403730869,7109.89013672,1.0,1.0,1.0,1.0,,,,,,,,,,,,,,
0,1,335,236.51251483,19389.5390625,0.98188125,0.333333333333,0.32729375,0.964090789102,,,,,,,,,,,,,,
0,1,336,236.621469021,3085.17700195,1.0,1.0,1.0,1.0,,,,,,,,,,,,,,
0,1,337,236.730132818,37826.2734375,0.947477442685,0.333333333333,0.315825814228,0.897713504397,,,,,,,,,,,,,,
0,1,338,236.839118004,15687.4912109,0.9929,0.5,0.49645,0.98585041,,,,,,,,,,,,,,
0,1,339,236.94768095,19268.3789062,0.996205441491,0.5,0.498102720746,0.992425281657,,,,,,,,,,,,,,
0,1,340,237.056264877,111597.25,0.65845,0.333333333333,0.219483333333,0.4335564025,,,,,,,,,,,,,,
0,1,341,237.164579868,26663.4335938,0.902636691084,0.5,0.451318345542,0.814752996091,,,,,,,,,,,,,,
0,1,342,237.272323847,1478.09643555,1.0,1.0,1.0,1.0,,,,,,,,,,,,,,
0,1,343,237.381067038,15210.5205078,0.974949035346,0.5,0.487474517673,0.950525621522,,,,,,,,,,,,,,
0,1,344,237.48950386,25193.5351562,0.979449089597,0.5,0.489724544799,0.959320519113,,,,,,,,,,,,,,
0,1,345,237.598544836,314475.5,0.0947461569918,0.5,0.0473730784959,0.00897683426472,,,,,,,,,,,,,,
0,1,346,237.707628965,73328.78125,0.90976875,0.333333333333,0.30325625,0.827679178477,,,,,,,,,,,,,,
0,1,347,237.815104008,23707.6445312,0.953126208586,0.491412543535,0.317708736195,0.924324766882,,,,,,,,,,,,,,
0,1,348,237.92365098,36718.1523438,0.86777716698,0.333333333333,0.28925905566,0.753037211531,,,,,,,,,,,,,,
0,1,349,238.032338858,14170.7402344,0.99345625,0.5,0.496728125,0.986955320664,,,,,,,,,,,,,,
0,1,350,238.141145945,17543.0195312,0.95988125,0.5,0.479940625,0.921372014102,,,,,,,,,,,,,,
0,1,351,238.250277996,14633.1455078,1.0,1.0,1.0,1.0,,,,,,,,,,,,,,
0,1,352,238.358968019,72258.625,0.916816416804,0.333333333333,0.305605472268,0.840552342121,,,,,,,,,,,,,,
0,1,353,238.467608929,45210.875,0.91271875,0.5,0.456359375,0.833055516602,,,,,,,,,,,,,,
0,1,354,238.576436996,51959.8554688,0.8718625,0.333333333333,0.290620833333,0.760144218906,,,,,,,,,,,,,,
0,1,355,238.685597897,39255.6054688,0.92408125,0.5,0.462040625,0.853926156602,,,,,,,,,,,,,,
0,1,356,238.793750048,35198.3320312,0.951564469489,0.5,0.475782234745,0.905474939594,,,,,,,,,,,,,,
0,1,357,238.902257919,83929.34375,0.697450655111,0.504042699133,0.352830537607,0.487161214602,,,,,,,,,,,,,,
0,1,358,239.010406017,29827.5019531,1.0,1.0,1.0,1.0,,,,,,,,,,,,,,
0,1,359,239.119082928,13780.2080078,0.99754375,0.5,0.498771875,0.995093533164,,,,,,,,,,,,,,
0,1,360,239.22673893,16541.6484375,0.874168911738,0.5,0.437084455869,0.764171286249,,,,,,,,,,,,,,
0,1,361,239.335345984,108332.210938,0.9083875,0.494612897737,0.305130078433,0.840585689509,,,,,,,,,,,,,,
0,1,362,239.443717957,51731.6328125,0.942609999927,0.5,0.471304999964,0.888513611963,,,,,,,,,,,,,,
0,1,363,239.552368879,69032.8515625,0.821050159555,0.5,0.410525079777,0.674123364505,,,,,,,,,,,,,,
0,1,364,239.661046028,52706.7539062,0.832668085172,0.5,0.416334042586,0.693336140065,,,,,,,,,,,,,,
0,1,365,239.76986289,68507.9453125,0.931763896705,0.470626445402,0.437552391164,0.872729766599,,,,,,,,,,,,,,
0,1,366,239.878893852,21669.9570312,0.974575,0.5,0.4872875,0.949796430625,,,,,,,,,,,,,,
0,1,367,239.986907959,46158.78125,0.598665410105,0.397926807748,0.251842009921,0.376834123223,,,,,,,,,,,,,,
0,1,368,240.095561028,97624.359375,0.86508125,0.336264631043,0.293340774714,0.754279710473,,,,,,,,,,,,,,
0,1,369,240.202996969,2363.46386719,1.0,1.0,1.0,1.0,,,,,,,,,,,,,,
0,1,370,240.311633825,74602.125,0.879177040197,0.333333333333,0.293059013399,0.77295226801,,,,,,,,,,,,,,
0,1,371,240.420173883,39470.9414062,0.98760625,0.5,0.493803125,0.975366105039,,,,,,,,,,,,,,
0,1,372,240.529032946,25685.03125,0.989675,0.5,0.4948375,0.979456605625,,,,,,,,,,,,,,
0,1,373,240.638540983,118651.046875,0.5065875,0.333333333333,0.1688625,0.256630895156,,,,,,,,,,,,,,
0,1,374,240.747742891,55538.84375,0.97076875,0.5,0.485384375,0.942391965977,,,,,,,,,,,,,,
0,1,375,240.856312037,43304.8632812,1.0,1.0,1.0,1.0,,,,,,,,,,,,,,
0,1,376,240.964926004,19328.234375,0.988710797403,0.5,0.494355398701,0.977549040901,,,,,,,,,,,,,,
0,1,377,241.073005915,29308.2636719,0.936621919741,0.333333333333,0.31220730658,0.87726062054,,,,,,,,,,,,,,
0,1,378,241.181573868,38755.828125,0.923927083523,0.333333333333,0.307975694508,0.853641255667,,,,,,,,,,,,,,
0,1,379,241.29006505,36636.5234375,0.899325908558,0.5,0.449662954279,0.808787089804,,,,,,,,,,,,,,
0,1,380,241.398641825,24122.1699219,1.0,1.0,1.0,1.0,,,,,,,,,,,,,,
0,1,381,241.50748992,117677.726562,0.602176277203,0.5,0.301088138602,0.362616268827,,,,,,,,,,,,,,
0,1,382,241.616531849,109357.640625,0.661,0.5,0.3305,0.436921,,,,,,,,,,,,,,
0,1,383,241.739483833,362.547546387,1.0,1.0,1.0,1.0,,,,,,,,,,,,,,
0,1,384,241.855710983,68454.15625,0.85883125,0.333333333333,0.286277083333,0.737591115977,,,,,,,,,,,,,,
0,1,385,241.968004942,68498.859375,0.8659875,0.333333333333,0.2886625,0.749934350156,,,,,,,,,,,,,,
0,1,386,242.084048986,47433.4335938,0.9452,0.333333333333,0.315066666667,0.89340304,,,,,,,,,,,,,,
0,1,387,242.192807913,79201.1953125,0.7513,0.5,0.37565,0.56445169,,,,,,,,,,,,,,
0,1,388,242.301650047,45518.3515625,0.9636625,0.333333333333,0.321220833333,0.928645413906,,,,,,,,,,,,,,
0,1,389,242.410218954,68191.90625,0.8175875,0.333333333333,0.272529166667,0.668449320156,,,,,,,,,,,,,,
0,1,390,242.519026041,24985.3300781,0.947372060423,0.5,0.473686030211,0.89751382087,,,,,,,,,,,,,,
0,1,391,242.62826395,15562.5898438,0.992175,0.5,0.4960875,0.984411230625,,,,,,,,,,,,,,
0,1,392,242.736805916,12440.0800781,1.0,1.0,1.0,1.0,,,,,,,,,,,,,,
0,1,393,242.845088959,17316.6992188,0.9783513825,0.5,0.48917569125,0.957171427641,,,,,,,,,,,,,,
0,1,394,242.954262972,183846.84375,0.4267375,0.5,0.21336875,0.182104893906,,,,,,,,,,,,,,
0,1,395,243.0628829,46314.5625,0.916204401473,0.5,0.458102200737,0.839430505279,,,,,,,,,,,,,,
0,1,396,243.178851843,246804.484375,0.146661848647,0.333333333333,0.0488872828824,0.0215096978486,,,,,,,,,,,,,,
0,1,397,243.287269831,47718.1914062,0.902245235293,0.333333333333,0.300748411764,0.814046464608,,,,,,,,,,,,,,
0,1,398,243.395915031,103811.515625,0.73698125,0.5,0.368490625,0.543141362852,,,,,,,,,,,,,,
0,1,399,243.504673004,24733.5664062,0.99569375,0.5,0.497846875,0.991406043789,,,,,,,,,,,,,,
0,1,400,243.613884926,12503.5126953,0.979996318341,0.5,0.48999815917,0.960392783962,,,,,,,,,,,,,,
0,1,401,243.723425865,57100.4882812,0.87103125,0.333333333333,0.29034375,0.758695438477,,,,,,,,,,,,,,
0,1,402,243.831925869,61483.9375,0.84006875,0.5,0.420034375,0.705715504727,,,,,,,,,,,,,,
0,1,403,243.939117908,70664.5859375,0.00287744435962,0.333333333333,0.000959148119874,8.27968604272e-06,,,,,,,,,,,,,,
0,1,404,244.048398018,13857.7675781,1.0,1.0,1.0,1.0,,,,,,,,,,,,,,
0,1,405,244.156877041,28833.3945312,0.953875,0.333333333333,0.317958333333,0.909877515625,,,,,,,,,,,,,,
0,1,406,244.265852928,11308.1054688,0.99563125,0.5,0.497815625,0.991281585977,,,,,,,,,,,,,,
0,1,407,244.373447895,14389.7451172,0.920281162531,0.333333333333,0.30676038751,0.84691741811,,,,,,,,,,,,,,
0,1,408,244.481289864,2230.21337891,0.997855188226,0.5,0.498927594113,0.995714976669,,,,,,,,,,,,,,
0,1,409,244.58859992,2688.30175781,0.955718220032,0.5,0.477859110016,0.913397316101,,,,,,,,,,,,,,
0,1,410,244.696665049,54366.1953125,0.881215093312,0.5,0.440607546656,0.77654004068,,,,,,,,,,,,,,
0,1,411,244.805358887,3844.20605469,1.0,1.0,1.0,1.0,,,,,,,,,,,,,,
0,1,412,244.913538933,45696.78125,0.826103367394,0.5,0.413051683697,0.682446773619,,,,,,,,,,,,,,
0,1,413,245.023908854,43541.1523438,0.915629969133,0.333333333333,0.305209989711,0.838378240374,,,,,,,,,,,,,,
0,1,414,245.136530876,17676.9140625,0.98293125,0.333333333333,0.32764375,0.966153842227,,,,,,,,,,,,,,
0,1,415,245.245403051,10905.96875,0.9950375,0.5,0.49751875,0.990099626406,,,,,,,,,,,,,,
0,1,416,245.354363918,146655.0,0.4360875,0.333333333333,0.1453625,0.190172307656,,,,,,,,,,,,,,
0,1,417,245.463739872,147784.6875,0.42851875,0.333333333333,0.142839583333,0.183628319102,,,,,,,,,,,,,,
0,1,418,245.576689005,25808.6425781,0.88541758684,0.333333333333,0.295139195613,0.783964303085,,,,,,,,,,,,,,
0,1,419,245.717105865,2452.44116211,1.0,1.0,1.0,1.0,,,,,,,,,,,,,,
0,1,420,245.82551384,36905.4375,0.909237909401,0.333333333333,0.303079303134,0.826713575892,,,,,,,,,,,,,,
0,1,421,245.934145927,49108.0078125,0.905781421043,0.333333333333,0.301927140348,0.820439982707,,,,,,,,,,,,,,
0,1,422,246.045755863,1866.67077637,1.0,1.0,1.0,1.0,,,,,,,,,,,,,,
0,1,423,246.161736965,6213.49560547,0.998548683449,0.5,0.499274341724,0.997099473217,,,,,,,,,,,,,,
0,1,424,246.272724867,18647.2890625,0.900651078281,0.333333333333,0.300217026094,0.811172364808,,,,,,,,,,,,,,
0,1,425,246.388860941,76749.0703125,0.84634375,0.5,0.423171875,0.716297743164,,,,,,,,,,,,,,
0,1,426,246.505022049,37727.390625,0.9496875,0.5,0.47484375,0.901906347656,,,,,,,,,,,,,,
0,1,427,246.617794037,18893.3886719,0.967996829251,0.5,0.483998414626,0.937017861441,,,,,,,,,,,,,,
0,1,428,246.732559919,-0.0,nan,nan,nan,0.0,,,,,,,,,,,,,,
0,1,429,246.84123683,32592.9921875,0.875471731543,0.5,0.437735865771,0.76645075273,,,,,,,,,,,,,,
0,1,430,246.949784994,57845.2304688,0.83253125,0.5,0.416265625,0.693108282227,,,,,,,,,,,,,,
0,1,431,247.058334827,18986.1289062,0.966577437859,0.5,0.483288718929,0.934271943377,,,,,,,,,,,,,,
0,1,432,247.166934967,25865.4375,0.925294971736,0.5,0.462647485868,0.85617078472,,,,,,,,,,,,,,
0,1,433,247.275235891,4365.87646484,1.0,1.0,1.0,1.0,,,,,,,,,,,,,,
0,1,434,247.382807016,75653.359375,0.4845543962,0.5,0.2422771981,0.234792962877,,,,,,,,,,,,,,
0,1,435,247.491439819,361208.5,0.37639375,0.5,0.188196875,0.141672255039,,,,,,,,,,,,,,
0,1,436,247.600136995,2426.01123047,1.0,1.0,1.0,1.0,,,,,,,,,,,,,,
0,1,437,247.709229946,29491.0820312,0.9368,0.5,0.4684,0.87759424,,,,,,,,,,,,,,
0,1,438,247.818049908,15630.7714844,0.93784264642,0.5,0.46892132321,0.879548829444,,,,,,,,,,,,,,
0,1,439,248.041079044,43130.78125,0.87418125,0.5,0.437090625,0.764192857852,,,,,,,,,,,,,,
0,1,440,248.149912834,22475.6386719,1.0,1.0,1.0,1.0,,,,,,,,,,,,,,
0,1,441,248.258005857,1173.31298828,1.0,1.0,1.0,1.0,,,,,,,,,,,,,,
0,1,442,248.368183851,29448.1113281,0.9384625,0.333333333333,0.312820833333,0.880711863906,,,,,,,,,,,,,,
0,1,443,248.476007938,39091.1914062,0.832540173443,0.5,0.416270086722,0.693123140397,,,,,,,,,,,,,,
0,1,444,248.584946871,20195.1132812,0.971100478469,0.5,0.485550239234,0.943036139283,,,,,,,,,,,,,,
0,1,445,248.694375038,112413.765625,0.619616321988,0.333333333333,0.206538773996,0.383924386473,,,,,,,,,,,,,,
0,1,446,248.803222895,27690.3242188,0.99933125,0.5,0.499665625,0.998662947227,,,,,,,,,,,,,,
0,1,447,248.91195488,102157.96875,0.72105,0.362515054342,0.284313450143,0.591809588191,,,,,,,,,,,,,,
0,1,448,249.020844936,2775.20678711,1.0,1.0,1.0,1.0,,,,,,,,,,,,,,
0,1,449,249.129251957,41554.28125,0.944141433139,0.333333333333,0.314713811046,0.89140304577,,,,,,,,,,,,,,
0,1,450,249.237527847,13280.4150391,0.993814299788,0.5,0.496907149894,0.987666862464,,,,,,,,,,,,,,
0,1,451,249.346988916,70585.53125,0.77635,0.333333333333,0.258783333333,0.6027193225,,,,,,,,,,,,,,
0,1,452,249.455247879,149015.625,0.63424375,0.333333333333,0.211414583333,0.402265134414,,,,,,,,,,,,,,
0,1,453,249.564062834,38591.875,0.91715625,0.5,0.458578125,0.841175586914,,,,,,,,,,,,,,
0,1,454,249.672757864,42898.1953125,0.947078864353,0.5,0.473539432177,0.896958375305,,,,,,,,,,,,,,
0,1,455,249.781497002,46342.0820312,0.86744375,0.5,0.433721875,0.752458659414,,,,,,,,,,,,,,
0,1,456,249.889663935,37200.796875,0.906746813822,0.5,0.453373406911,0.822189784377,,,,,,,,,,,,,,
0,1,457,249.997400999,27357.9023438,0.884558831197,0.5,0.442279415599,0.782444325849,,,,,,,,,,,,,,
0,1,458,250.106577873,38435.0820312,0.930025,0.5,0.4650125,0.864946500625,,,,,,,,,,,,,,
0,1,459,250.215263844,20001.9785156,0.99870625,0.5,0.499353125,0.997414173789,,,,,,,,,,,,,,
0,1,460,250.323946953,13542.2636719,0.98281875,0.333333333333,0.32760625,0.965932695352,,,,,,,,,,,,,,
0,1,461,250.432484865,100481.78125,0.73286875,0.333333333333,0.244289583333,0.537096604727,,,,,,,,,,,,,,
0,1,462,250.540854931,41004.9492188,1.0,1.0,1.0,1.0,,,,,,,,,,,,,,
0,1,463,250.649909019,95618.5703125,0.525094590193,0.517710824978,0.276043520768,0.279727400671,,,,,,,,,,,,,,
0,1,464,250.758965015,33664.2109375,0.933633943949,0.333333333333,0.31121131465,0.871672341293,,,,,,,,,,,,,,
0,1,465,250.867456913,14490.0253906,0.993416941566,0.5,0.496708470783,0.986877219791,,,,,,,,,,,,,,
0,1,466,250.975857019,38920.2578125,0.890019223376,0.5,0.445009611688,0.792134217978,,,,,,,,,,,,,,
0,1,467,251.085068941,105332.328125,0.689467725126,0.409889774114,0.310716722564,0.537974743045,,,,,,,,,,,,,,
0,1,468,251.193207026,44500.5898438,0.919101899827,0.437158345028,0.391602355527,0.859800111654,,,,,,,,,,,,,,
0,1,469,251.302126884,58297.0625,0.964325,0.964325,0.4821625,0.964325,,,,,,,,,,,,,,
0,1,470,251.410804987,125813.085938,0.67364375,0.47752707402,0.352945924117,0.499046533452,,,,,,,,,,,,,,
0,1,471,251.519753933,18790.1972656,0.992462410454,0.5,0.496231205227,0.984981636165,,,,,,,,,,,,,,
0,1,472,251.629082918,63885.875,0.97961875,0.333333333333,0.326539583333,0.959652895352,,,,,,,,,,,,,,
0,1,473,251.768594027,11226.984375,0.934222055326,0.333333333333,0.311407351775,0.872770848658,,,,,,,,,,,,,,
0,1,474,251.878453016,8551.27929688,0.980570146361,0.5,0.490285073181,0.961517811935,,,,,,,,,,,,,,
0,1,475,251.99481082,61219.640625,1.0,1.0,1.0,1.0,,,,,,,,,,,,,,
0,1,476,252.110615969,88129.53125,0.7692625,0.369869095712,0.297064514136,0.612855501797,,,,,,,,,,,,,,
0,1,477,252.283557892,38500.7578125,0.9367625,0.333333333333,0.312254166667,0.877523981406,,,,,,,,,,,,,,
0,1,478,252.392227888,117539.984375,0.574895206975,0.507065721549,0.300111788657,0.338499957544,,,,,,,,,,,,,,
0,1,479,252.501827955,7106.46630859,1.0,1.0,1.0,1.0,,,,,,,,,,,,,,
0,1,480,252.611580849,21157.1445312,0.9848375,0.5,0.49241875,0.969904901406,,,,,,,,,,,,,,
0,1,481,252.720324993,90722.7890625,0.669077084222,0.529778179573,0.360774977899,0.450008232992,,,,,,,,,,,,,,
0,1,482,252.829469919,59812.8242188,0.92755219373,0.333333333333,0.309184064577,0.860353072093,,,,,,,,,,,,,,
0,1,483,252.937937021,76797.109375,0.819601331621,0.531605303488,0.390951370792,0.740178477103,,,,,,,,,,,,,,
0,1,484,253.046617985,116229.984375,0.70773125,0.43254989021,0.322728081746,0.557865986551,,,,,,,,,,,,,,
0,1,485,253.155396938,79675.46875,0.805364269505,0.5,0.402682134752,0.648611606595,,,,,,,,,,,,,,
0,1,486,253.264312029,10394.7011719,0.993163109565,0.333333333333,0.331054369855,0.986372962202,,,,,,,,,,,,,,
0,1,487,253.372726917,35137.3398438,0.91043125,0.5,0.455215625,0.828885060977,,,,,,,,,,,,,,
0,1,488,253.481293917,73016.3515625,0.810758024708,0.335296061946,0.272337009481,0.657720602148,,,,,,,,,,,,,,
0,1,489,253.590483904,1425.90637207,1.0,1.0,1.0,1.0,,,,,,,,,,,,,,
0,1,490,253.699718952,30784.6894531,0.97878125,0.5,0.489390625,0.958012735352,,,,,,,,,,,,,,
0,1,491,253.808292866,81911.421875,0.82164375,0.5,0.410821875,0.675098451914,,,,,,,,,,,,,,
0,1,492,253.916249037,127272.75,0.469698537783,0.447565599091,0.205526252706,0.336339466537,,,,,,,,,,,,,,
0,1,493,254.025257826,4976.06445312,1.0,1.0,1.0,1.0,,,,,,,,,,,,,,
0,1,494,254.134037018,30987.5664062,0.97725,0.5,0.488625,0.9550175625,,,,,,,,,,,,,,
0,1,495,254.243216038,34987.96875,0.9047875,0.333333333333,0.301595833333,0.818640420156,,,,,,,,,,,,,,
0,1,496,254.351955891,25787.0234375,0.937325338826,0.5,0.468662669413,0.878578790806,,,,,,,,,,,,,,
0,1,497,254.460675001,9743.13671875,0.99406875,0.5,0.497034375,0.988172679727,,,,,,,,,,,,,,
0,1,498,254.569387913,2830.74633789,1.0,1.0,1.0,1.0,,,,,,,,,,,,,,
0,1,499,254.677299023,39638.4804688,0.696551513579,0.5,0.348275756789,0.485184011069,,,,,,,,,,,,,,
0,1,500,254.786697865,2213.05883789,1.0,1.0,1.0,1.0,,,,,,,,,,,,,,
0,1,501,254.895473003,13650.9570312,0.975509744846,0.5,0.487754872423,0.95161926229,,,,,,,,,,,,,,
0,1,502,255.003026009,902.697265625,1.0,1.0,1.0,1.0,,,,,,,,,,,,,,
0,1,503,255.111981869,54261.3203125,0.820175,0.333333333333,0.273391666667,0.672687030625,,,,,,,,,,,,,,
