0,0,0,,,,,,,,,,,,,[  1.79936595e+08   0.00000000e+00   0.00000000e+00   0.00000000e+00
   1.56800510e+07   0.00000000e+00   0.00000000e+00   0.00000000e+00
   9.91375000e+05   0.00000000e+00   0.00000000e+00   0.00000000e+00
   0.00000000e+00   0.00000000e+00   0.00000000e+00   0.00000000e+00],,,,,,,
0,1,296,,,,,,,,,,,,,[  1.68217137e+08   1.17194580e+07   0.00000000e+00   0.00000000e+00
   7.65391500e+06   8.02613600e+06   0.00000000e+00   0.00000000e+00
   3.09071000e+05   6.82304000e+05   0.00000000e+00   0.00000000e+00
   0.00000000e+00   0.00000000e+00   0.00000000e+00   0.00000000e+00],,,,,,,
0,2,592,,,,,,,,,,,,,[  1.76887490e+08   3.04910500e+06   0.00000000e+00   0.00000000e+00
   1.01976000e+07   5.48245100e+06   0.00000000e+00   0.00000000e+00
   5.88727000e+05   4.02648000e+05   0.00000000e+00   0.00000000e+00
   0.00000000e+00   0.00000000e+00   0.00000000e+00   0.00000000e+00],,,,,,,
0,3,888,,,,,,,,,,,,,[  1.72105236e+08   7.83135900e+06   0.00000000e+00   0.00000000e+00
   6.77099100e+06   8.90906000e+06   0.00000000e+00   0.00000000e+00
   3.06302000e+05   6.85073000e+05   0.00000000e+00   0.00000000e+00
   0.00000000e+00   0.00000000e+00   0.00000000e+00   0.00000000e+00],,,,,,,
0,4,1184,,,,,,,,,,,,,[  1.76011741e+08   3.92485400e+06   0.00000000e+00   0.00000000e+00
   8.53385700e+06   7.14619400e+06   0.00000000e+00   0.00000000e+00
   3.19211000e+05   6.72164000e+05   0.00000000e+00   0.00000000e+00
   0.00000000e+00   0.00000000e+00   0.00000000e+00   0.00000000e+00],,,,,,,
0,5,1480,,,,,,,,,,,,,[  1.67127589e+08   1.28090060e+07   0.00000000e+00   0.00000000e+00
   4.99295300e+06   1.06870980e+07   0.00000000e+00   0.00000000e+00
   1.58985000e+05   8.32390000e+05   0.00000000e+00   0.00000000e+00
   0.00000000e+00   0.00000000e+00   0.00000000e+00   0.00000000e+00],,,,,,,
0,6,1776,,,,,,,,,,,,,[  1.75689033e+08   4.24756200e+06   0.00000000e+00   0.00000000e+00
   7.46137800e+06   8.21867300e+06   0.00000000e+00   0.00000000e+00
   2.83885000e+05   7.07490000e+05   0.00000000e+00   0.00000000e+00
   0.00000000e+00   0.00000000e+00   0.00000000e+00   0.00000000e+00],,,,,,,
0,7,2072,,,,,,,,,,,,,[  1.73552634e+08   6.38396100e+06   0.00000000e+00   0.00000000e+00
   6.10246900e+06   9.57758200e+06   0.00000000e+00   0.00000000e+00
   2.69529000e+05   7.21846000e+05   0.00000000e+00   0.00000000e+00
   0.00000000e+00   0.00000000e+00   0.00000000e+00   0.00000000e+00],,,,,,,
0,8,2368,,,,,,,,,,,,,[  1.75286443e+08   4.65015200e+06   0.00000000e+00   0.00000000e+00
   7.11618500e+06   8.56386600e+06   0.00000000e+00   0.00000000e+00
   2.79013000e+05   7.12362000e+05   0.00000000e+00   0.00000000e+00
   0.00000000e+00   0.00000000e+00   0.00000000e+00   0.00000000e+00],,,,,,,
0,9,2664,,,,,,,,,,,,,[  1.75500817e+08   4.43577800e+06   0.00000000e+00   0.00000000e+00
   7.28080500e+06   8.39924600e+06   0.00000000e+00   0.00000000e+00
   2.04354000e+05   7.87021000e+05   0.00000000e+00   0.00000000e+00
   0.00000000e+00   0.00000000e+00   0.00000000e+00   0.00000000e+00],,,,,,,
0,10,2960,,,,,,,,,,,,,[  1.68094509e+08   1.18420860e+07   0.00000000e+00   0.00000000e+00
   3.36638600e+06   1.23136650e+07   0.00000000e+00   0.00000000e+00
   1.51500000e+05   8.39875000e+05   0.00000000e+00   0.00000000e+00
   0.00000000e+00   0.00000000e+00   0.00000000e+00   0.00000000e+00],,,,,,,
0,11,3256,,,,,,,,,,,,,[  1.70896098e+08   9.03927000e+06   1.22700000e+03   0.00000000e+00
   4.06126700e+06   1.16144730e+07   4.31100000e+03   0.00000000e+00
   1.98347000e+05   7.90523000e+05   2.50500000e+03   0.00000000e+00
   0.00000000e+00   0.00000000e+00   0.00000000e+00   0.00000000e+00],,,,,,,
0,12,3552,,,,,,,,,,,,,[  1.75198513e+08   4.73322400e+06   4.85800000e+03   0.00000000e+00
   5.75297600e+06   9.91771800e+06   9.35700000e+03   0.00000000e+00
   2.44289000e+05   7.30885000e+05   1.62010000e+04   0.00000000e+00
   0.00000000e+00   0.00000000e+00   0.00000000e+00   0.00000000e+00],,,,,,,
0,13,3848,,,,,,,,,,,,,[  1.75562550e+08   4.35369900e+06   2.03460000e+04   0.00000000e+00
   6.81393000e+06   8.81064600e+06   5.54750000e+04   0.00000000e+00
   2.40449000e+05   6.31368000e+05   1.19558000e+05   0.00000000e+00
   0.00000000e+00   0.00000000e+00   0.00000000e+00   0.00000000e+00],,,,,,,
0,14,4144,,,,,,,,,,,,,[  1.73528085e+08   6.39831400e+06   1.01960000e+04   0.00000000e+00
   5.13198500e+06   1.05181310e+07   2.99350000e+04   0.00000000e+00
   1.86557000e+05   7.28389000e+05   7.64290000e+04   0.00000000e+00
   0.00000000e+00   0.00000000e+00   0.00000000e+00   0.00000000e+00],,,,,,,
0,15,4440,,,,,,,,,,,,,[  1.77153731e+08   2.77794700e+06   4.91700000e+03   0.00000000e+00
   6.49334700e+06   9.16554900e+06   2.11550000e+04   0.00000000e+00
   2.71277000e+05   6.78017000e+05   4.20810000e+04   0.00000000e+00
   0.00000000e+00   0.00000000e+00   0.00000000e+00   0.00000000e+00],,,,,,,
0,16,4736,,,,,,,,,,,,,[  1.68068296e+08   1.17124530e+07   1.55846000e+05   0.00000000e+00
   2.87312400e+06   1.23473010e+07   4.59626000e+05   0.00000000e+00
   1.12360000e+05   4.88510000e+05   3.90505000e+05   0.00000000e+00
   0.00000000e+00   0.00000000e+00   0.00000000e+00   0.00000000e+00],,,,,,,
0,17,5032,,,,,,,,,,,,,[  1.79589564e+08   3.39588000e+05   7.44300000e+03   0.00000000e+00
   1.23912910e+07   3.14050200e+06   1.48258000e+05   0.00000000e+00
   5.32180000e+05   3.13778000e+05   1.45417000e+05   0.00000000e+00
   0.00000000e+00   0.00000000e+00   0.00000000e+00   0.00000000e+00],,,,,,,
0,18,5328,,,,,,,,,,,,,[  1.70431157e+08   9.50542300e+06   1.50000000e+01   0.00000000e+00
   3.70494000e+06   1.19728170e+07   2.29400000e+03   0.00000000e+00
   1.85532000e+05   7.95385000e+05   1.04580000e+04   0.00000000e+00
   0.00000000e+00   0.00000000e+00   0.00000000e+00   0.00000000e+00],,,,,,,
0,19,5624,,,,,,,,,,,,,[  1.77596964e+08   2.31173000e+06   2.79010000e+04   0.00000000e+00
   7.06374500e+06   8.47094900e+06   1.45357000e+05   0.00000000e+00
   2.64829000e+05   4.69685000e+05   2.56861000e+05   0.00000000e+00
   0.00000000e+00   0.00000000e+00   0.00000000e+00   0.00000000e+00],,,,,,,
0,20,5920,,,,,,,,,,,,,[  1.70173791e+08   9.74267700e+06   2.01270000e+04   0.00000000e+00
   2.64799200e+06   1.29753220e+07   5.67370000e+04   0.00000000e+00
   1.69834000e+05   6.59513000e+05   1.62028000e+05   0.00000000e+00
   0.00000000e+00   0.00000000e+00   0.00000000e+00   0.00000000e+00],,,,,,,
0,21,6216,,,,,,,,,,,,,[  1.75077563e+08   4.83136000e+06   2.76720000e+04   0.00000000e+00
   4.57434100e+06   1.09186550e+07   1.87055000e+05   0.00000000e+00
   2.54839000e+05   4.73987000e+05   2.62549000e+05   0.00000000e+00
   0.00000000e+00   0.00000000e+00   0.00000000e+00   0.00000000e+00],,,,,,,
0,22,6512,,,,,,,,,,,,,[  1.74762962e+08   5.15662300e+06   1.70100000e+04   0.00000000e+00
   4.28741900e+06   1.13122160e+07   8.04160000e+04   0.00000000e+00
   2.44738000e+05   5.60281000e+05   1.86356000e+05   0.00000000e+00
   0.00000000e+00   0.00000000e+00   0.00000000e+00   0.00000000e+00],,,,,,,
0,23,6808,,,,,,,,,,,,,[  1.77486778e+08   2.43411500e+06   1.57020000e+04   0.00000000e+00
   6.02110700e+06   9.51506800e+06   1.43876000e+05   0.00000000e+00
   3.08551000e+05   4.37411000e+05   2.45413000e+05   0.00000000e+00
   0.00000000e+00   0.00000000e+00   0.00000000e+00   0.00000000e+00],,,,,,,
0,24,7104,,,,,,,,,,,,,[  1.74482716e+08   5.37356000e+06   8.03190000e+04   0.00000000e+00
   3.70195800e+06   1.16680440e+07   3.10049000e+05   0.00000000e+00
   1.79805000e+05   4.22664000e+05   3.88906000e+05   0.00000000e+00
   0.00000000e+00   0.00000000e+00   0.00000000e+00   0.00000000e+00],,,,,,,
0,25,7400,,,,,,,,,,,,,[  1.73682641e+08   6.20805400e+06   4.59000000e+04   0.00000000e+00
   4.66755300e+06   1.08355460e+07   1.76952000e+05   0.00000000e+00
   1.44275000e+05   5.43285000e+05   3.03815000e+05   0.00000000e+00
   0.00000000e+00   0.00000000e+00   0.00000000e+00   0.00000000e+00],,,,,,,
0,26,7696,,,,,,,,,,,,,[  1.70380703e+08   9.52788500e+06   2.80070000e+04   0.00000000e+00
   2.38399600e+06   1.31992530e+07   9.68020000e+04   0.00000000e+00
   1.60757000e+05   6.02406000e+05   2.28212000e+05   0.00000000e+00
   0.00000000e+00   0.00000000e+00   0.00000000e+00   0.00000000e+00],,,,,,,
0,27,7992,,,,,,,,,,,,,[  1.75989437e+08   3.91866100e+06   2.84970000e+04   0.00000000e+00
   4.09739800e+06   1.14731890e+07   1.09464000e+05   0.00000000e+00
   2.17029000e+05   4.96038000e+05   2.78308000e+05   0.00000000e+00
   0.00000000e+00   0.00000000e+00   0.00000000e+00   0.00000000e+00],,,,,,,
0,28,8288,,,,,,,,,,,,,[  1.75135487e+08   4.74977800e+06   5.13300000e+04   0.00000000e+00
   4.16872000e+06   1.13609700e+07   1.50361000e+05   0.00000000e+00
   1.86602000e+05   4.64232000e+05   3.40541000e+05   0.00000000e+00
   0.00000000e+00   0.00000000e+00   0.00000000e+00   0.00000000e+00],,,,,,,
0,29,8584,,,,,,,,,,,,,[  1.75837619e+08   4.01766000e+06   8.13160000e+04   0.00000000e+00
   4.32369500e+06   1.11341130e+07   2.22243000e+05   0.00000000e+00
   1.63540000e+05   4.39783000e+05   3.88052000e+05   0.00000000e+00
   0.00000000e+00   0.00000000e+00   0.00000000e+00   0.00000000e+00],,,,,,,
0,30,8880,,,,,,,,,,,,,[  1.74909655e+08   5.00789300e+06   1.90470000e+04   0.00000000e+00
   3.32906200e+06   1.22885820e+07   6.24070000e+04   0.00000000e+00
   2.25361000e+05   5.52342000e+05   2.13672000e+05   0.00000000e+00
   0.00000000e+00   0.00000000e+00   0.00000000e+00   0.00000000e+00],,,,,,,
0,31,9176,,,,,,,,,,,,,[  1.75628410e+08   4.20493500e+06   1.03250000e+05   0.00000000e+00
   3.62371800e+06   1.17236170e+07   3.32716000e+05   0.00000000e+00
   1.79469000e+05   3.43890000e+05   4.68016000e+05   0.00000000e+00
   0.00000000e+00   0.00000000e+00   0.00000000e+00   0.00000000e+00],,,,,,,
0,32,9472,,,,,,,,,,,,,[  1.74897143e+08   4.99175600e+06   4.76960000e+04   0.00000000e+00
   3.38998900e+06   1.21192360e+07   1.70826000e+05   0.00000000e+00
   2.11171000e+05   4.36863000e+05   3.43341000e+05   0.00000000e+00
   0.00000000e+00   0.00000000e+00   0.00000000e+00   0.00000000e+00],,,,,,,
0,33,9768,,,,,,,,,,,,,[  1.77245961e+08   2.65142900e+06   3.92050000e+04   0.00000000e+00
   4.63244700e+06   1.09296590e+07   1.17945000e+05   0.00000000e+00
   2.16452000e+05   4.52743000e+05   3.22180000e+05   0.00000000e+00
   0.00000000e+00   0.00000000e+00   0.00000000e+00   0.00000000e+00],,,,,,,
0,34,10064,,,,,,,,,,,,,[  1.75214201e+08   4.66820000e+06   5.41940000e+04   0.00000000e+00
   3.33598800e+06   1.20882410e+07   2.55822000e+05   0.00000000e+00
   2.22318000e+05   3.53573000e+05   4.15484000e+05   0.00000000e+00
   0.00000000e+00   0.00000000e+00   0.00000000e+00   0.00000000e+00],,,,,,,
0,35,10360,,,,,,,,,,,,,[  1.73789527e+08   6.04179100e+06   1.05277000e+05   0.00000000e+00
   2.63845000e+06   1.27865800e+07   2.55021000e+05   0.00000000e+00
   1.53848000e+05   3.83784000e+05   4.53743000e+05   0.00000000e+00
   0.00000000e+00   0.00000000e+00   0.00000000e+00   0.00000000e+00],,,,,,,
0,36,10656,,,,,,,,,,,,,[  1.73326994e+08   6.44896100e+06   1.60640000e+05   0.00000000e+00
   2.43278100e+06   1.28629980e+07   3.84272000e+05   0.00000000e+00
   1.43156000e+05   3.16245000e+05   5.31974000e+05   0.00000000e+00
   0.00000000e+00   0.00000000e+00   0.00000000e+00   0.00000000e+00],,,,,,,
0,37,10952,,,,,,,,,,,,,[  1.73436249e+08   6.43843800e+06   6.19080000e+04   0.00000000e+00
   2.45645200e+06   1.30746350e+07   1.48964000e+05   0.00000000e+00
   1.76022000e+05   4.48544000e+05   3.66809000e+05   0.00000000e+00
   0.00000000e+00   0.00000000e+00   0.00000000e+00   0.00000000e+00],,,,,,,
0,38,11248,,,,,,,,,,,,,[  1.75925285e+08   3.93419700e+06   7.71130000e+04   0.00000000e+00
   3.52553400e+06   1.18839640e+07   2.70553000e+05   0.00000000e+00
   1.89520000e+05   3.44597000e+05   4.57258000e+05   0.00000000e+00
   0.00000000e+00   0.00000000e+00   0.00000000e+00   0.00000000e+00],,,,,,,
0,39,11544,,,,,,,,,,,,,[  1.77128693e+08   2.77566200e+06   3.22400000e+04   0.00000000e+00
   4.56095100e+06   1.09886500e+07   1.30450000e+05   0.00000000e+00
   2.25840000e+05   4.36532000e+05   3.29003000e+05   0.00000000e+00
   0.00000000e+00   0.00000000e+00   0.00000000e+00   0.00000000e+00],,,,,,,
0,40,11840,,,,,,,,,,,,,[  1.74227509e+08   5.61356500e+06   9.55210000e+04   0.00000000e+00
   2.76919500e+06   1.25143360e+07   3.96520000e+05   0.00000000e+00
   1.92518000e+05   2.85021000e+05   5.13836000e+05   0.00000000e+00
   0.00000000e+00   0.00000000e+00   0.00000000e+00   0.00000000e+00],,,,,,,
0,41,12136,,,,,,,,,,,,,[  1.75645749e+08   4.20556700e+06   8.52790000e+04   0.00000000e+00
   3.79155900e+06   1.17109740e+07   1.77518000e+05   0.00000000e+00
   1.67776000e+05   4.06950000e+05   4.16649000e+05   0.00000000e+00
   0.00000000e+00   0.00000000e+00   0.00000000e+00   0.00000000e+00],,,,,,,
0,42,12432,,,,,,,,,,,,,[  1.77923253e+08   1.98845000e+06   2.48920000e+04   0.00000000e+00
   5.39427900e+06   1.01498930e+07   1.35879000e+05   0.00000000e+00
   2.76884000e+05   3.71690000e+05   3.42801000e+05   0.00000000e+00
   0.00000000e+00   0.00000000e+00   0.00000000e+00   0.00000000e+00],,,,,,,
0,43,12728,,,,,,,,,,,,,[  1.77479343e+08   2.43532800e+06   2.19240000e+04   0.00000000e+00
   4.37745400e+06   1.12012400e+07   1.01357000e+05   0.00000000e+00
   2.59423000e+05   4.16037000e+05   3.15915000e+05   0.00000000e+00
   0.00000000e+00   0.00000000e+00   0.00000000e+00   0.00000000e+00],,,,,,,
0,44,13024,,,,,,,,,,,,,[  1.75382630e+08   4.47119800e+06   8.27670000e+04   0.00000000e+00
   3.02256100e+06   1.25021670e+07   1.55323000e+05   0.00000000e+00
   1.64011000e+05   3.98311000e+05   4.29053000e+05   0.00000000e+00
   0.00000000e+00   0.00000000e+00   0.00000000e+00   0.00000000e+00],,,,,,,
0,45,13320,,,,,,,,,,,,,[  1.76417252e+08   3.41272000e+06   1.06623000e+05   0.00000000e+00
   3.36008100e+06   1.20119930e+07   3.07977000e+05   0.00000000e+00
   1.85476000e+05   2.87152000e+05   5.18747000e+05   0.00000000e+00
   0.00000000e+00   0.00000000e+00   0.00000000e+00   0.00000000e+00],,,,,,,
0,46,13616,,,,,,,,,,,,,[  1.76582140e+08   3.26243000e+06   9.20250000e+04   0.00000000e+00
   3.46578600e+06   1.20193270e+07   1.94938000e+05   0.00000000e+00
   1.78692000e+05   3.55700000e+05   4.56983000e+05   0.00000000e+00
   0.00000000e+00   0.00000000e+00   0.00000000e+00   0.00000000e+00],,,,,,,
0,47,13912,,,,,,,,,,,,,[  1.74521063e+08   5.31056900e+06   1.04963000e+05   0.00000000e+00
   2.42251000e+06   1.30024110e+07   2.55130000e+05   0.00000000e+00
   1.63170000e+05   3.25985000e+05   5.02220000e+05   0.00000000e+00
   0.00000000e+00   0.00000000e+00   0.00000000e+00   0.00000000e+00],,,,,,,
0,48,14208,,,,,,,,,,,,,[  1.75732019e+08   4.11279200e+06   9.17840000e+04   0.00000000e+00
   2.92879600e+06   1.25835180e+07   1.67737000e+05   0.00000000e+00
   1.70090000e+05   3.77149000e+05   4.44136000e+05   0.00000000e+00
   0.00000000e+00   0.00000000e+00   0.00000000e+00   0.00000000e+00],,,,,,,
0,49,14504,,,,,,,,,,,,,[  1.76642821e+08   3.16321400e+06   1.30560000e+05   0.00000000e+00
   3.45681800e+06   1.18899010e+07   3.33332000e+05   0.00000000e+00
   1.77506000e+05   2.53752000e+05   5.60117000e+05   0.00000000e+00
   0.00000000e+00   0.00000000e+00   0.00000000e+00   0.00000000e+00],,,,,,,
0,50,14800,,,,,,,,,,,,,[  1.74422556e+08   5.41258100e+06   1.01458000e+05   0.00000000e+00
   2.36850200e+06   1.31277250e+07   1.83824000e+05   0.00000000e+00
   1.56340000e+05   3.53956000e+05   4.81079000e+05   0.00000000e+00
   0.00000000e+00   0.00000000e+00   0.00000000e+00   0.00000000e+00],,,,,,,
0,51,15096,,,,,,,,,,,,,[  1.77280785e+08   2.53368700e+06   1.22123000e+05   0.00000000e+00
   3.75662100e+06   1.15469020e+07   3.76528000e+05   0.00000000e+00
   1.96049000e+05   2.12207000e+05   5.83119000e+05   0.00000000e+00
   0.00000000e+00   0.00000000e+00   0.00000000e+00   0.00000000e+00],,,,,,,
0,52,15392,,,,,,,,,,,,,[  1.74340351e+08   5.39455800e+06   2.01686000e+05   0.00000000e+00
   2.38731900e+06   1.29971930e+07   2.95539000e+05   0.00000000e+00
   1.23216000e+05   2.90000000e+05   5.78159000e+05   0.00000000e+00
   0.00000000e+00   0.00000000e+00   0.00000000e+00   0.00000000e+00],,,,,,,
0,53,15688,,,,,,,,,,,,,[  1.76659836e+08   3.20741900e+06   6.93400000e+04   0.00000000e+00
   3.33072500e+06   1.21687670e+07   1.80559000e+05   0.00000000e+00
   2.03736000e+05   3.26949000e+05   4.60690000e+05   0.00000000e+00
   0.00000000e+00   0.00000000e+00   0.00000000e+00   0.00000000e+00],,,,,,,
0,54,15984,,,,,,,,,,,,,[  1.76245357e+08   3.57365300e+06   1.17585000e+05   0.00000000e+00
   3.24816100e+06   1.22289270e+07   2.02963000e+05   0.00000000e+00
   1.68139000e+05   3.16794000e+05   5.06442000e+05   0.00000000e+00
   0.00000000e+00   0.00000000e+00   0.00000000e+00   0.00000000e+00],,,,,,,
0,55,16280,,,,,,,,,,,,,[  1.75638187e+08   4.14085900e+06   1.57549000e+05   0.00000000e+00
   2.84638300e+06   1.25449500e+07   2.88718000e+05   0.00000000e+00
   1.63798000e+05   2.75786000e+05   5.51791000e+05   0.00000000e+00
   0.00000000e+00   0.00000000e+00   0.00000000e+00   0.00000000e+00],,,,,,,
0,56,16576,,,,,,,,,,,,,[  1.76809000e+08   2.98194800e+06   1.45647000e+05   0.00000000e+00
   3.60419600e+06   1.17893070e+07   2.86548000e+05   0.00000000e+00
   1.53267000e+05   2.71472000e+05   5.66636000e+05   0.00000000e+00
   0.00000000e+00   0.00000000e+00   0.00000000e+00   0.00000000e+00],,,,,,,
0,57,16872,,,,,,,,,,,,,[  1.75335027e+08   4.44780500e+06   1.53763000e+05   0.00000000e+00
   2.65562600e+06   1.27899870e+07   2.34438000e+05   0.00000000e+00
   1.34743000e+05   3.03987000e+05   5.52645000e+05   0.00000000e+00
   0.00000000e+00   0.00000000e+00   0.00000000e+00   0.00000000e+00],,,,,,,
0,58,17168,,,,,,,,,,,,,[  1.74497180e+08   5.29136400e+06   1.48051000e+05   0.00000000e+00
   2.25713500e+06   1.31542590e+07   2.68657000e+05   0.00000000e+00
   1.40687000e+05   2.86568000e+05   5.64120000e+05   0.00000000e+00
   0.00000000e+00   0.00000000e+00   0.00000000e+00   0.00000000e+00],,,,,,,
0,59,17464,,,,,,,,,,,,,[  1.76555394e+08   3.24984700e+06   1.31354000e+05   0.00000000e+00
   3.19995500e+06   1.22035170e+07   2.76579000e+05   0.00000000e+00
   1.56444000e+05   2.63797000e+05   5.71134000e+05   0.00000000e+00
   0.00000000e+00   0.00000000e+00   0.00000000e+00   0.00000000e+00],,,,,,,
0,60,17760,,,,,,,,,,,,,[  1.75756835e+08   4.06078400e+06   1.18976000e+05   0.00000000e+00
   2.73424400e+06   1.26637900e+07   2.82017000e+05   0.00000000e+00
   1.82449000e+05   2.50878000e+05   5.58048000e+05   0.00000000e+00
   0.00000000e+00   0.00000000e+00   0.00000000e+00   0.00000000e+00],,,,,,,
0,61,18056,,,,,,,,,,,,,[  1.75958804e+08   3.86876500e+06   1.09026000e+05   0.00000000e+00
   2.87358700e+06   1.25628270e+07   2.43637000e+05   0.00000000e+00
   1.90997000e+05   2.71799000e+05   5.28579000e+05   0.00000000e+00
   0.00000000e+00   0.00000000e+00   0.00000000e+00   0.00000000e+00],,,,,,,
0,62,18352,,,,,,,,,,,,,[  1.76626417e+08   3.19517100e+06   1.15007000e+05   0.00000000e+00
   2.93659300e+06   1.25121360e+07   2.31322000e+05   0.00000000e+00
   1.79542000e+05   2.70524000e+05   5.41309000e+05   0.00000000e+00
   0.00000000e+00   0.00000000e+00   0.00000000e+00   0.00000000e+00],,,,,,,
0,63,18648,,,,,,,,,,,,,[  1.76004223e+08   3.81841700e+06   1.13955000e+05   0.00000000e+00
   2.79922800e+06   1.26838920e+07   1.96931000e+05   0.00000000e+00
   1.59358000e+05   3.12953000e+05   5.19064000e+05   0.00000000e+00
   0.00000000e+00   0.00000000e+00   0.00000000e+00   0.00000000e+00],,,,,,,
0,64,18944,,,,,,,,,,,,,[  1.75215033e+08   4.61007300e+06   1.11489000e+05   0.00000000e+00
   2.32594900e+06   1.31311540e+07   2.22948000e+05   0.00000000e+00
   1.69646000e+05   2.77960000e+05   5.43769000e+05   0.00000000e+00
   0.00000000e+00   0.00000000e+00   0.00000000e+00   0.00000000e+00],,,,,,,
0,65,19240,,,,,,,,,,,,,[  1.76500874e+08   3.32028500e+06   1.15436000e+05   0.00000000e+00
   2.91102500e+06   1.25796540e+07   1.89372000e+05   0.00000000e+00
   1.67103000e+05   3.00357000e+05   5.23915000e+05   0.00000000e+00
   0.00000000e+00   0.00000000e+00   0.00000000e+00   0.00000000e+00],,,,,,,
0,66,19536,,,,,,,,,,,,,[  1.76843075e+08   2.92646900e+06   1.67051000e+05   0.00000000e+00
   3.18603600e+06   1.22181320e+07   2.75883000e+05   0.00000000e+00
   1.51906000e+05   2.48082000e+05   5.91387000e+05   0.00000000e+00
   0.00000000e+00   0.00000000e+00   0.00000000e+00   0.00000000e+00],,,,,,,
0,67,19832,,,,,,,,,,,,,[  1.76534048e+08   3.25332100e+06   1.49226000e+05   0.00000000e+00
   3.01844700e+06   1.23982540e+07   2.63350000e+05   0.00000000e+00
   1.60475000e+05   2.57259000e+05   5.73641000e+05   0.00000000e+00
   0.00000000e+00   0.00000000e+00   0.00000000e+00   0.00000000e+00],,,,,,,
0,68,20128,,,,,,,,,,,,,[  1.75759150e+08   4.04937100e+06   1.28074000e+05   0.00000000e+00
   2.71391300e+06   1.27809500e+07   1.85188000e+05   0.00000000e+00
   1.52387000e+05   3.05086000e+05   5.33902000e+05   0.00000000e+00
   0.00000000e+00   0.00000000e+00   0.00000000e+00   0.00000000e+00],,,,,,,
0,69,20424,,,,,,,,,,,,,[  1.76489476e+08   3.31289900e+06   1.34220000e+05   0.00000000e+00
   3.00792800e+06   1.24859140e+07   1.86209000e+05   0.00000000e+00
   1.46574000e+05   3.04290000e+05   5.40511000e+05   0.00000000e+00
   0.00000000e+00   0.00000000e+00   0.00000000e+00   0.00000000e+00],,,,,,,
0,70,20720,,,,,,,,,,,,,[  1.76598883e+08   3.22921500e+06   1.08497000e+05   0.00000000e+00
   2.80517800e+06   1.26527390e+07   2.22134000e+05   0.00000000e+00
   1.75117000e+05   2.75376000e+05   5.40882000e+05   0.00000000e+00
   0.00000000e+00   0.00000000e+00   0.00000000e+00   0.00000000e+00],,,,,,,
0,71,21016,,,,,,,,,,,,,[  1.76717806e+08   3.07027600e+06   1.48513000e+05   0.00000000e+00
   2.99702500e+06   1.24357120e+07   2.47314000e+05   0.00000000e+00
   1.60075000e+05   2.58070000e+05   5.73230000e+05   0.00000000e+00
   0.00000000e+00   0.00000000e+00   0.00000000e+00   0.00000000e+00],,,,,,,
0,72,21312,,,,,,,,,,,,,[  1.76904376e+08   2.92162400e+06   1.10595000e+05   0.00000000e+00
   3.05726200e+06   1.22949770e+07   3.27812000e+05   0.00000000e+00
   1.88178000e+05   2.05917000e+05   5.97280000e+05   0.00000000e+00
   0.00000000e+00   0.00000000e+00   0.00000000e+00   0.00000000e+00],,,,,,,
0,73,21608,,,,,,,,,,,,,[  1.76410835e+08   3.41191500e+06   1.13845000e+05   0.00000000e+00
   2.74378400e+06   1.27553680e+07   1.80899000e+05   0.00000000e+00
   1.59414000e+05   2.98069000e+05   5.33892000e+05   0.00000000e+00
   0.00000000e+00   0.00000000e+00   0.00000000e+00   0.00000000e+00],,,,,,,
0,74,21904,,,,,,,,,,,,,[  1.75926167e+08   3.88605900e+06   1.24369000e+05   0.00000000e+00
   2.58184000e+06   1.28786270e+07   2.19584000e+05   0.00000000e+00
   1.61051000e+05   2.70923000e+05   5.59401000e+05   0.00000000e+00
   0.00000000e+00   0.00000000e+00   0.00000000e+00   0.00000000e+00],,,,,,,
0,75,22200,,,,,,,,,,,,,[  1.77029639e+08   2.80841600e+06   9.85400000e+04   0.00000000e+00
   3.21995500e+06   1.22832140e+07   1.76882000e+05   0.00000000e+00
   1.82365000e+05   2.96844000e+05   5.12166000e+05   0.00000000e+00
   0.00000000e+00   0.00000000e+00   0.00000000e+00   0.00000000e+00],,,,,,,
0,76,22496,,,,,,,,,,,,,[  1.76865917e+08   2.92713500e+06   1.43543000e+05   0.00000000e+00
   3.00296800e+06   1.24641460e+07   2.12937000e+05   0.00000000e+00
   1.52796000e+05   2.57315000e+05   5.81264000e+05   0.00000000e+00
   0.00000000e+00   0.00000000e+00   0.00000000e+00   0.00000000e+00],,,,,,,
0,77,22792,,,,,,,,,,,,,[  1.76081305e+08   3.71683900e+06   1.38451000e+05   0.00000000e+00
   2.60194400e+06   1.28820370e+07   1.96070000e+05   0.00000000e+00
   1.43379000e+05   2.88935000e+05   5.59061000e+05   0.00000000e+00
   0.00000000e+00   0.00000000e+00   0.00000000e+00   0.00000000e+00],,,,,,,
0,78,23088,,,,,,,,,,,,,[  1.76338599e+08   3.48128500e+06   1.16711000e+05   0.00000000e+00
   2.70244200e+06   1.27702380e+07   2.07371000e+05   0.00000000e+00
   1.66563000e+05   2.67872000e+05   5.56940000e+05   0.00000000e+00
   0.00000000e+00   0.00000000e+00   0.00000000e+00   0.00000000e+00],,,,,,,
0,79,23384,,,,,,,,,,,,,[  1.76709077e+08   3.11661300e+06   1.10905000e+05   0.00000000e+00
   2.83653800e+06   1.26578910e+07   1.85622000e+05   0.00000000e+00
   1.76644000e+05   2.88249000e+05   5.26482000e+05   0.00000000e+00
   0.00000000e+00   0.00000000e+00   0.00000000e+00   0.00000000e+00],,,,,,,
0,80,23680,,,,,,,,,,,,,[  1.76563333e+08   3.26099300e+06   1.12269000e+05   0.00000000e+00
   2.83311600e+06   1.26350860e+07   2.11849000e+05   0.00000000e+00
   1.78585000e+05   2.67801000e+05   5.44989000e+05   0.00000000e+00
   0.00000000e+00   0.00000000e+00   0.00000000e+00   0.00000000e+00],,,,,,,
0,81,23976,,,,,,,,,,,,,[  1.77404171e+08   2.44675900e+06   8.56650000e+04   0.00000000e+00
   3.22296000e+06   1.22647970e+07   1.92294000e+05   0.00000000e+00
   2.00400000e+05   2.71498000e+05   5.19477000e+05   0.00000000e+00
   0.00000000e+00   0.00000000e+00   0.00000000e+00   0.00000000e+00],,,,,,,
0,82,24272,,,,,,,,,,,,,[  1.77616192e+08   2.21073600e+06   1.09667000e+05   0.00000000e+00
   3.35921600e+06   1.20791360e+07   2.41699000e+05   0.00000000e+00
   1.90372000e+05   2.27236000e+05   5.73767000e+05   0.00000000e+00
   0.00000000e+00   0.00000000e+00   0.00000000e+00   0.00000000e+00],,,,,,,
0,83,24568,,,,,,,,,,,,,[  1.77197033e+08   2.59795600e+06   1.41606000e+05   0.00000000e+00
   3.03235300e+06   1.24346370e+07   2.13061000e+05   0.00000000e+00
   1.59591000e+05   2.52634000e+05   5.79150000e+05   0.00000000e+00
   0.00000000e+00   0.00000000e+00   0.00000000e+00   0.00000000e+00],,,,,,,
0,84,24864,,,,,,,,,,,,,[  1.76272100e+08   3.53827800e+06   1.26217000e+05   0.00000000e+00
   2.55153700e+06   1.28969250e+07   2.31589000e+05   0.00000000e+00
   1.63162000e+05   2.35777000e+05   5.92436000e+05   0.00000000e+00
   0.00000000e+00   0.00000000e+00   0.00000000e+00   0.00000000e+00],,,,,,,
0,85,25160,,,,,,,,,,,,,[  1.77130233e+08   2.69864800e+06   1.07714000e+05   0.00000000e+00
   2.91995000e+06   1.26076250e+07   1.52476000e+05   0.00000000e+00
   1.70771000e+05   3.03424000e+05   5.17180000e+05   0.00000000e+00
   0.00000000e+00   0.00000000e+00   0.00000000e+00   0.00000000e+00],,,,,,,
0,86,25456,,,,,,,,,,,,,[  1.75929239e+08   3.84282900e+06   1.64527000e+05   0.00000000e+00
   2.44414600e+06   1.30434140e+07   1.92491000e+05   0.00000000e+00
   1.28955000e+05   2.66999000e+05   5.95421000e+05   0.00000000e+00
   0.00000000e+00   0.00000000e+00   0.00000000e+00   0.00000000e+00],,,,,,,
0,87,25752,,,,,,,,,,,,,[  1.77105324e+08   2.68780400e+06   1.43467000e+05   0.00000000e+00
   2.92030600e+06   1.25370580e+07   2.22687000e+05   0.00000000e+00
   1.50428000e+05   2.38278000e+05   6.02669000e+05   0.00000000e+00
   0.00000000e+00   0.00000000e+00   0.00000000e+00   0.00000000e+00],,,,,,,
0,88,26048,,,,,,,,,,,,,[  1.76656427e+08   3.16487000e+06   1.15298000e+05   0.00000000e+00
   2.56817300e+06   1.29345830e+07   1.77295000e+05   0.00000000e+00
   1.58355000e+05   2.69462000e+05   5.63558000e+05   0.00000000e+00
   0.00000000e+00   0.00000000e+00   0.00000000e+00   0.00000000e+00],,,,,,,
0,89,26344,,,,,,,,,,,,,[  1.76612765e+08   3.21139800e+06   1.12432000e+05   0.00000000e+00
   2.64020200e+06   1.28688000e+07   1.71049000e+05   0.00000000e+00
   1.53596000e+05   2.78468000e+05   5.59311000e+05   0.00000000e+00
   0.00000000e+00   0.00000000e+00   0.00000000e+00   0.00000000e+00],,,,,,,
0,90,26640,,,,,,,,,,,,,[  1.77204762e+08   2.57246800e+06   1.59365000e+05   0.00000000e+00
   2.98543300e+06   1.24351080e+07   2.59510000e+05   0.00000000e+00
   1.46386000e+05   2.11755000e+05   6.33234000e+05   0.00000000e+00
   0.00000000e+00   0.00000000e+00   0.00000000e+00   0.00000000e+00],,,,,,,
0,91,26936,,,,,,,,,,,,,[  1.74036444e+08   5.68069900e+06   2.19452000e+05   0.00000000e+00
   1.72010600e+06   1.37174770e+07   2.42468000e+05   0.00000000e+00
   9.61920000e+04   2.39833000e+05   6.55350000e+05   0.00000000e+00
   0.00000000e+00   0.00000000e+00   0.00000000e+00   0.00000000e+00],,,,,,,
0,92,27232,,,,,,,,,,,,,[  1.78209375e+08   1.62332600e+06   1.03894000e+05   0.00000000e+00
   4.02901200e+06   1.13344260e+07   3.16613000e+05   0.00000000e+00
   2.13900000e+05   1.68412000e+05   6.09063000e+05   0.00000000e+00
   0.00000000e+00   0.00000000e+00   0.00000000e+00   0.00000000e+00],,,,,,,
0,93,27528,,,,,,,,,,,,,[  1.76309399e+08   3.49233600e+06   1.34860000e+05   0.00000000e+00
   2.69522500e+06   1.27802470e+07   2.04579000e+05   0.00000000e+00
   1.45663000e+05   2.58472000e+05   5.87240000e+05   0.00000000e+00
   0.00000000e+00   0.00000000e+00   0.00000000e+00   0.00000000e+00],,,,,,,
0,94,27824,,,,,,,,,,,,,[  1.77070131e+08   2.72656600e+06   1.39898000e+05   0.00000000e+00
   2.82596400e+06   1.26210860e+07   2.33001000e+05   0.00000000e+00
   1.49372000e+05   2.23579000e+05   6.18424000e+05   0.00000000e+00
   0.00000000e+00   0.00000000e+00   0.00000000e+00   0.00000000e+00],,,,,,,
0,95,28120,,,,,,,,,,,,,[  1.76612257e+08   3.18593100e+06   1.38407000e+05   0.00000000e+00
   2.51459100e+06   1.29796970e+07   1.85763000e+05   0.00000000e+00
   1.45131000e+05   2.67411000e+05   5.78833000e+05   0.00000000e+00
   0.00000000e+00   0.00000000e+00   0.00000000e+00   0.00000000e+00],,,,,,,
0,96,28416,,,,,,,,,,,,,[  1.76311603e+08   3.42482400e+06   2.00168000e+05   0.00000000e+00
   2.42037800e+06   1.29640990e+07   2.95574000e+05   0.00000000e+00
   1.29549000e+05   1.94788000e+05   6.67038000e+05   0.00000000e+00
   0.00000000e+00   0.00000000e+00   0.00000000e+00   0.00000000e+00],,,,,,,
0,97,28712,,,,,,,,,,,,,[  1.76841877e+08   2.96197100e+06   1.32747000e+05   0.00000000e+00
   2.59864700e+06   1.28439590e+07   2.37445000e+05   0.00000000e+00
   1.57386000e+05   2.20472000e+05   6.13517000e+05   0.00000000e+00
   0.00000000e+00   0.00000000e+00   0.00000000e+00   0.00000000e+00],,,,,,,
0,98,29008,,,,,,,,,,,,,[  1.76825412e+08   2.93345500e+06   1.77728000e+05   0.00000000e+00
   2.65581500e+06   1.27685710e+07   2.55665000e+05   0.00000000e+00
   1.32299000e+05   2.11317000e+05   6.47759000e+05   0.00000000e+00
   0.00000000e+00   0.00000000e+00   0.00000000e+00   0.00000000e+00],,,,,,,
0,99,29304,,,,,,,,,,,,,[  1.77762063e+08   2.05883600e+06   1.15696000e+05   0.00000000e+00
   3.19299100e+06   1.22537350e+07   2.33325000e+05   0.00000000e+00
   1.72279000e+05   2.06456000e+05   6.12640000e+05   0.00000000e+00
   0.00000000e+00   0.00000000e+00   0.00000000e+00   0.00000000e+00],,,,,,,
0,100,29600,,,,,,,,,,,,,[  1.76113286e+08   3.66241600e+06   1.60893000e+05   0.00000000e+00
   2.30625100e+06   1.32089410e+07   1.64859000e+05   0.00000000e+00
   1.26684000e+05   2.80384000e+05   5.84307000e+05   0.00000000e+00
   0.00000000e+00   0.00000000e+00   0.00000000e+00   0.00000000e+00],,,,,,,
0,0,0,,,,,,,,,,,,,[  2.77731239e+08   0.00000000e+00   0.00000000e+00   1.59284320e+07
   0.00000000e+00   0.00000000e+00   1.06424900e+06   0.00000000e+00
   0.00000000e+00],,,,,,,
0,1,296,,,,,,,,,,,,,[  2.77510037e+08   2.21202000e+05   0.00000000e+00   1.49661440e+07
   9.62288000e+05   0.00000000e+00   1.03349000e+06   3.07590000e+04
   0.00000000e+00],,,,,,,
0,2,592,,,,,,,,,,,,,[  2.77721764e+08   9.47500000e+03   0.00000000e+00   1.58900460e+07
   3.83860000e+04   0.00000000e+00   1.05437600e+06   9.87300000e+03
   0.00000000e+00],,,,,,,
0,3,888,,,,,,,,,,,,,[  2.77330697e+08   4.00542000e+05   0.00000000e+00   1.37710830e+07
   2.15734900e+06   0.00000000e+00   9.03945000e+05   1.60304000e+05
   0.00000000e+00],,,,,,,
0,4,1184,,,,,,,,,,,,,[  2.61901644e+08   1.58295950e+07   0.00000000e+00   5.53036900e+06
   1.03980630e+07   0.00000000e+00   2.60610000e+05   8.03639000e+05
   0.00000000e+00],,,,,,,
0,5,1480,,,,,,,,,,,,,[  2.74047949e+08   3.68329000e+06   0.00000000e+00   1.00349430e+07
   5.89348900e+06   0.00000000e+00   6.14304000e+05   4.49945000e+05
   0.00000000e+00],,,,,,,
0,6,1776,,,,,,,,,,,,,[  2.72958158e+08   4.77308100e+06   0.00000000e+00   8.60601400e+06
   7.32241800e+06   0.00000000e+00   4.43242000e+05   6.21007000e+05
   0.00000000e+00],,,,,,,
0,7,2072,,,,,,,,,,,,,[  2.70587829e+08   7.14341000e+06   0.00000000e+00   6.98430400e+06
   8.94412800e+06   0.00000000e+00   3.16578000e+05   7.47671000e+05
   0.00000000e+00],,,,,,,
0,8,2368,,,,,,,,,,,,,[  2.73070824e+08   4.66041500e+06   0.00000000e+00   7.27106100e+06
   8.65737100e+06   0.00000000e+00   3.72634000e+05   6.91615000e+05
   0.00000000e+00],,,,,,,
0,9,2664,,,,,,,,,,,,,[  2.77520466e+08   2.10773000e+05   0.00000000e+00   1.42119210e+07
   1.71651100e+06   0.00000000e+00   7.07580000e+05   3.56669000e+05
   0.00000000e+00],,,,,,,
0,10,2960,,,,,,,,,,,,,[  2.77060020e+08   6.71011000e+05   2.08000000e+02   1.24590870e+07
   3.46735300e+06   1.99200000e+03   5.86608000e+05   4.70578000e+05
   7.06300000e+03],,,,,,,
0,11,3256,,,,,,,,,,,,,[  2.76431971e+08   1.29926800e+06   0.00000000e+00   1.08725670e+07
   5.05586500e+06   0.00000000e+00   4.46888000e+05   6.17361000e+05
   0.00000000e+00],,,,,,,
0,12,3552,,,,,,,,,,,,,[  2.76356906e+08   1.37433300e+06   0.00000000e+00   1.00732110e+07
   5.85522100e+06   0.00000000e+00   5.62248000e+05   5.02001000e+05
   0.00000000e+00],,,,,,,
0,13,3848,,,,,,,,,,,,,[  2.72412621e+08   5.31861800e+06   0.00000000e+00   6.47583800e+06
   9.45259400e+06   0.00000000e+00   4.16284000e+05   6.47965000e+05
   0.00000000e+00],,,,,,,
0,14,4144,,,,,,,,,,,,,[  2.69010085e+08   8.72115400e+06   0.00000000e+00   4.49933100e+06
   1.14291010e+07   0.00000000e+00   2.53482000e+05   8.10767000e+05
   0.00000000e+00],,,,,,,
0,15,4440,,,,,,,,,,,,,[  2.69109809e+08   8.62143000e+06   0.00000000e+00   4.55711600e+06
   1.13713160e+07   0.00000000e+00   2.60450000e+05   8.03799000e+05
   0.00000000e+00],,,,,,,
0,16,4736,,,,,,,,,,,,,[  2.75911545e+08   1.81757400e+06   2.12000000e+03   8.88025400e+06
   7.04352200e+06   4.65600000e+03   3.89835000e+05   6.66031000e+05
   8.38300000e+03],,,,,,,
0,17,5032,,,,,,,,,,,,,[  2.77002667e+08   7.27843000e+05   7.29000000e+02   1.08893940e+07
   5.01947600e+06   1.95620000e+04   5.52509000e+05   4.79443000e+05
   3.22970000e+04],,,,,,,
0,18,5328,,,,,,,,,,,,,[  2.73928154e+08   3.80308500e+06   0.00000000e+00   8.03175400e+06
   7.89605500e+06   6.23000000e+02   4.22446000e+05   6.37910000e+05
   3.89300000e+03],,,,,,,
0,19,5624,,,,,,,,,,,,,[  2.60205820e+08   1.75253610e+07   5.80000000e+01   3.27022000e+06
   1.26568360e+07   1.37600000e+03   1.70114000e+05   8.88572000e+05
   5.56300000e+03],,,,,,,
0,20,5920,,,,,,,,,,,,,[  2.69493774e+08   8.23495300e+06   2.51200000e+03   4.24995300e+06
   1.16704510e+07   8.02800000e+03   2.23564000e+05   8.20437000e+05
   2.02480000e+04],,,,,,,
0,21,6216,,,,,,,,,,,,,[  2.72433453e+08   5.27756100e+06   2.02250000e+04   5.30449600e+06
   1.05946460e+07   2.92900000e+04   2.49144000e+05   7.69829000e+05
   4.52760000e+04],,,,,,,
0,22,6512,,,,,,,,,,,,,[  2.66016910e+08   1.17132490e+07   1.08000000e+03   2.94900000e+06
   1.29749690e+07   4.46300000e+03   2.26087000e+05   8.27698000e+05
   1.04640000e+04],,,,,,,
0,23,6808,,,,,,,,,,,,,[  2.71946413e+08   5.77669900e+06   8.12700000e+03   4.19816600e+06
   1.17097550e+07   2.05110000e+04   2.74806000e+05   7.43499000e+05
   4.59440000e+04],,,,,,,
0,24,7104,,,,,,,,,,,,,[  2.69759482e+08   7.93728400e+06   3.44730000e+04   3.49984600e+06
   1.23841270e+07   4.44590000e+04   1.82893000e+05   7.99160000e+05
   8.21960000e+04],,,,,,,
0,25,7400,,,,,,,,,,,,,[  2.73330110e+08   4.39466600e+06   6.46300000e+03   4.65238700e+06
   1.12591090e+07   1.69360000e+04   3.02080000e+05   7.24929000e+05
   3.72400000e+04],,,,,,,
0,26,7696,,,,,,,,,,,,,[  2.75543204e+08   2.17780600e+06   1.02290000e+04   6.11679000e+06
   9.75808800e+06   5.35540000e+04   3.40687000e+05   6.16545000e+05
   1.07017000e+05],,,,,,,
0,27,7992,,,,,,,,,,,,,[  2.72935784e+08   4.78337600e+06   1.20790000e+04   4.74634100e+06
   1.11226620e+07   5.94290000e+04   3.01144000e+05   6.44910000e+05
   1.18195000e+05],,,,,,,
0,28,8288,,,,,,,,,,,,,[  2.73154218e+08   4.55020000e+06   2.68210000e+04   4.46106100e+06
   1.13764090e+07   9.09620000e+04   2.48824000e+05   6.55063000e+05
   1.60362000e+05],,,,,,,
0,29,8584,,,,,,,,,,,,,[  2.73849714e+08   3.82111800e+06   6.04070000e+04   4.97459100e+06
   1.07540390e+07   1.99802000e+05   3.01338000e+05   4.52856000e+05
   3.10055000e+05],,,,,,,
0,30,8880,,,,,,,,,,,,,[  2.74075434e+08   3.59998100e+06   5.58240000e+04   4.55168200e+06
   1.12533400e+07   1.23410000e+05   2.53725000e+05   5.82796000e+05
   2.27728000e+05],,,,,,,
0,31,9176,,,,,,,,,,,,,[  2.69009492e+08   8.56805700e+06   1.53690000e+05   2.97799600e+06
   1.27696500e+07   1.80786000e+05   1.94193000e+05   5.76365000e+05
   2.93691000e+05],,,,,,,
0,32,9472,,,,,,,,,,,,,[  2.74787029e+08   2.89896800e+06   4.52420000e+04   5.26438400e+06
   1.05134500e+07   1.50598000e+05   2.82251000e+05   5.06390000e+05
   2.75608000e+05],,,,,,,
0,33,9768,,,,,,,,,,,,,[  2.75503982e+08   2.20660200e+06   2.06550000e+04   6.08380800e+06
   9.74966900e+06   9.49550000e+04   3.44027000e+05   5.26442000e+05
   1.93780000e+05],,,,,,,
0,34,10064,,,,,,,,,,,,,[  2.73573516e+08   4.09082100e+06   6.69020000e+04   4.15589600e+06
   1.16263180e+07   1.46218000e+05   2.50652000e+05   5.44622000e+05
   2.68975000e+05],,,,,,,
0,35,10360,,,,,,,,,,,,,[  2.72899056e+08   4.71045800e+06   1.21725000e+05   3.79641600e+06
   1.19467980e+07   1.85218000e+05   2.48903000e+05   4.71720000e+05
   3.43626000e+05],,,,,,,
0,36,10656,,,,,,,,,,,,,[  2.74167835e+08   3.37049200e+06   1.92912000e+05   4.51284700e+06
   1.10115450e+07   4.04040000e+05   2.78537000e+05   3.09307000e+05
   4.76405000e+05],,,,,,,
0,37,10952,,,,,,,,,,,,,[  2.72579837e+08   5.04320700e+06   1.08195000e+05   3.68934700e+06
   1.20151370e+07   2.23948000e+05   2.39118000e+05   4.42885000e+05
   3.82246000e+05],,,,,,,
0,38,11248,,,,,,,,,,,,,[  2.67540109e+08   1.00592710e+07   1.31859000e+05   2.37152300e+06
   1.33804120e+07   1.76497000e+05   1.85120000e+05   5.13254000e+05
   3.65875000e+05],,,,,,,
0,39,11544,,,,,,,,,,,,,[  2.71858529e+08   5.76874400e+06   1.03966000e+05   3.30482700e+06
   1.24923140e+07   1.31291000e+05   2.03335000e+05   5.54890000e+05
   3.06024000e+05],,,,,,,
0,40,11840,,,,,,,,,,,,,[  2.70732166e+08   6.81829900e+06   1.80774000e+05   3.05765300e+06
   1.26394660e+07   2.31313000e+05   2.16821000e+05   4.24288000e+05
   4.23140000e+05],,,,,,,
0,41,12136,,,,,,,,,,,,,[  2.72834191e+08   4.80549900e+06   9.15490000e+04   3.54676500e+06
   1.22283930e+07   1.53274000e+05   2.72762000e+05   4.62320000e+05
   3.29167000e+05],,,,,,,
0,42,12432,,,,,,,,,,,,,[  2.73146713e+08   4.35348300e+06   2.31043000e+05   3.72847200e+06
   1.18637930e+07   3.36167000e+05   2.26622000e+05   3.39126000e+05
   4.98501000e+05],,,,,,,
0,43,12728,,,,,,,,,,,,,[  2.74917475e+08   2.63831200e+06   1.75452000e+05   4.79504000e+06
   1.08094210e+07   3.23971000e+05   2.73246000e+05   3.13395000e+05
   4.77608000e+05],,,,,,,
0,44,13024,,,,,,,,,,,,,[  2.70642210e+08   6.87043800e+06   2.18591000e+05   2.89526600e+06
   1.27607620e+07   2.72404000e+05   1.72067000e+05   3.91530000e+05
   5.00652000e+05],,,,,,,
0,45,13320,,,,,,,,,,,,,[  2.70784595e+08   6.82128800e+06   1.25356000e+05   3.23914100e+06
   1.25166190e+07   1.72672000e+05   2.22983000e+05   4.49701000e+05
   3.91565000e+05],,,,,,,
0,46,13616,,,,,,,,,,,,,[  2.75114095e+08   2.52316500e+06   9.39790000e+04   4.53855500e+06
   1.12478080e+07   1.42069000e+05   2.82375000e+05   4.28861000e+05
   3.53013000e+05],,,,,,,
0,47,13912,,,,,,,,,,,,,[  2.73206200e+08   4.40656000e+06   1.18479000e+05   3.62226800e+06
   1.21580150e+07   1.48149000e+05   2.53208000e+05   4.25229000e+05
   3.85812000e+05],,,,,,,
0,48,14208,,,,,,,,,,,,,[  2.71756462e+08   5.83801500e+06   1.36762000e+05   3.11486600e+06
   1.26844840e+07   1.29082000e+05   2.09027000e+05   4.76607000e+05
   3.78615000e+05],,,,,,,
0,49,14504,,,,,,,,,,,,,[  2.73401273e+08   4.23354900e+06   9.64170000e+04   3.73556000e+06
   1.20242980e+07   1.68574000e+05   2.51292000e+05   4.10810000e+05
   4.02147000e+05],,,,,,,
0,50,14800,,,,,,,,,,,,,[  2.71006255e+08   6.51254100e+06   2.12443000e+05   2.61626900e+06
   1.31354830e+07   1.76680000e+05   1.62376000e+05   4.44217000e+05
   4.57656000e+05],,,,,,,
0,51,15096,,,,,,,,,,,,,[  2.74780831e+08   2.78250900e+06   1.67899000e+05   4.17075100e+06
   1.15063940e+07   2.51287000e+05   2.49578000e+05   3.28127000e+05
   4.86544000e+05],,,,,,,
0,52,15392,,,,,,,,,,,,,[  2.73154472e+08   4.32935700e+06   2.47410000e+05   3.43821400e+06
   1.22392710e+07   2.50947000e+05   1.96386000e+05   3.57066000e+05
   5.10797000e+05],,,,,,,
0,53,15688,,,,,,,,,,,,,[  2.70580273e+08   6.81743100e+06   3.33535000e+05   2.56779400e+06
   1.31027790e+07   2.57859000e+05   1.56300000e+05   3.62842000e+05
   5.45107000e+05],,,,,,,
0,54,15984,,,,,,,,,,,,,[  2.73605847e+08   4.01972500e+06   1.05667000e+05   3.46778500e+06
   1.23041120e+07   1.56535000e+05   2.50944000e+05   4.01175000e+05
   4.12130000e+05],,,,,,,
0,55,16280,,,,,,,,,,,,,[  2.71345544e+08   6.05985300e+06   3.25842000e+05   2.66271500e+06
   1.29589730e+07   3.06744000e+05   1.72419000e+05   3.13906000e+05
   5.77924000e+05],,,,,,,
0,56,16576,,,,,,,,,,,,,[  2.73593383e+08   3.92366700e+06   2.14189000e+05   3.43869400e+06
   1.22174710e+07   2.72267000e+05   2.17699000e+05   3.11114000e+05
   5.35436000e+05],,,,,,,
0,57,16872,,,,,,,,,,,,,[  2.74489606e+08   3.03501500e+06   2.06618000e+05   3.97627700e+06
   1.16284520e+07   3.23703000e+05   2.54342000e+05   2.60523000e+05
   5.49384000e+05],,,,,,,
0,58,17168,,,,,,,,,,,,,[  2.74493883e+08   3.01188500e+06   2.25471000e+05   3.86992100e+06
   1.17651890e+07   2.93322000e+05   2.22156000e+05   2.90980000e+05
   5.51113000e+05],,,,,,,
0,59,17464,,,,,,,,,,,,,[  2.72398776e+08   5.10501000e+06   2.27453000e+05   2.95201100e+06
   1.27162990e+07   2.60122000e+05   2.21954000e+05   3.27040000e+05
   5.15255000e+05],,,,,,,
0,60,17760,,,,,,,,,,,,,[  2.72811693e+08   4.72954600e+06   1.90000000e+05   3.11945200e+06
   1.26060680e+07   2.02912000e+05   2.29062000e+05   3.50485000e+05
   4.84702000e+05],,,,,,,
0,61,18056,,,,,,,,,,,,,[  2.71714839e+08   5.72390400e+06   2.92496000e+05   2.84901500e+06
   1.28293810e+07   2.50036000e+05   1.48032000e+05   3.53750000e+05
   5.62467000e+05],,,,,,,
0,62,18352,,,,,,,,,,,,,[  2.73205376e+08   4.36534500e+06   1.60518000e+05   3.19038000e+06
   1.24918880e+07   2.46164000e+05   2.14167000e+05   3.31669000e+05
   5.18413000e+05],,,,,,,
0,63,18648,,,,,,,,,,,,,[  2.75013161e+08   2.60565400e+06   1.12424000e+05   3.95368300e+06
   1.17377030e+07   2.37046000e+05   2.75199000e+05   2.94042000e+05
   4.95008000e+05],,,,,,,
0,64,18944,,,,,,,,,,,,,[  2.75239752e+08   2.33550500e+06   1.55982000e+05   4.48350000e+06
   1.12108880e+07   2.34044000e+05   2.51767000e+05   2.96149000e+05
   5.16333000e+05],,,,,,,
0,65,19240,,,,,,,,,,,,,[  2.72352705e+08   5.13961200e+06   2.38922000e+05   2.78910500e+06
   1.28981680e+07   2.41159000e+05   1.91582000e+05   3.26477000e+05
   5.46190000e+05],,,,,,,
0,66,19536,,,,,,,,,,,,,[  2.73715106e+08   3.81305500e+06   2.03078000e+05   3.34364100e+06
   1.23887020e+07   1.96089000e+05   1.99803000e+05   3.46016000e+05
   5.18430000e+05],,,,,,,
0,67,19832,,,,,,,,,,,,,[  2.73600283e+08   3.89582500e+06   2.35131000e+05   3.51139800e+06
   1.21644600e+07   2.52574000e+05   2.06459000e+05   3.05872000e+05
   5.51918000e+05],,,,,,,
0,68,20128,,,,,,,,,,,,,[  2.75387230e+08   2.23847000e+06   1.05539000e+05   5.16247400e+06
   1.05789630e+07   1.86995000e+05   3.14109000e+05   3.10837000e+05
   4.39303000e+05],,,,,,,
0,69,20424,,,,,,,,,,,,,[  2.75180727e+08   2.37568000e+06   1.74832000e+05   4.31883900e+06
   1.13725670e+07   2.37026000e+05   2.42310000e+05   3.01841000e+05
   5.20098000e+05],,,,,,,
0,70,20720,,,,,,,,,,,,,[  2.72806226e+08   4.66820000e+06   2.56813000e+05   2.81469700e+06
   1.28690430e+07   2.44692000e+05   1.70777000e+05   3.14126000e+05
   5.79346000e+05],,,,,,,
0,71,21016,,,,,,,,,,,,,[  2.75079026e+08   2.42977500e+06   2.22438000e+05   4.27671600e+06
   1.13999510e+07   2.51765000e+05   2.22519000e+05   2.89344000e+05
   5.52386000e+05],,,,,,,
0,72,21312,,,,,,,,,,,,,[  2.71688941e+08   5.89806000e+06   1.44238000e+05   2.47095100e+06
   1.33121440e+07   1.45337000e+05   1.75568000e+05   4.07728000e+05
   4.80953000e+05],,,,,,,
0,73,21608,,,,,,,,,,,,,[  2.74593037e+08   2.93139100e+06   2.06811000e+05   3.66550800e+06
   1.20242980e+07   2.38626000e+05   2.24887000e+05   2.80540000e+05
   5.58822000e+05],,,,,,,
0,74,21904,,,,,,,,,,,,,[  2.74398215e+08   3.12417500e+06   2.08849000e+05   3.34907400e+06
   1.23473190e+07   2.32039000e+05   2.06232000e+05   2.95665000e+05
   5.62352000e+05],,,,,,,
0,75,22200,,,,,,,,,,,,,[  2.73824498e+08   3.71446100e+06   1.92280000e+05   3.05235800e+06
   1.26433640e+07   2.32710000e+05   2.31389000e+05   2.81556000e+05
   5.51304000e+05],,,,,,,
0,76,22496,,,,,,,,,,,,,[  2.74052379e+08   3.36474800e+06   3.14112000e+05   3.31411200e+06
   1.23139210e+07   3.00399000e+05   1.84105000e+05   2.44360000e+05
   6.35784000e+05],,,,,,,
0,77,22792,,,,,,,,,,,,,[  2.74940459e+08   2.57736000e+06   2.13420000e+05   3.62548800e+06
   1.20396500e+07   2.63294000e+05   2.37706000e+05   2.47689000e+05
   5.78854000e+05],,,,,,,
0,78,23088,,,,,,,,,,,,,[  2.73303990e+08   4.14245600e+06   2.84793000e+05   2.96658000e+06
   1.27034380e+07   2.58414000e+05   1.73801000e+05   2.81935000e+05
   6.08513000e+05],,,,,,,
0,79,23384,,,,,,,,,,,,,[  2.74493586e+08   3.00259700e+06   2.35056000e+05   3.42330000e+06
   1.22864620e+07   2.18670000e+05   1.98197000e+05   2.97153000e+05
   5.68899000e+05],,,,,,,
0,80,23680,,,,,,,,,,,,,[  2.72812054e+08   4.68407900e+06   2.35106000e+05   2.75381900e+06
   1.29685980e+07   2.06015000e+05   1.73372000e+05   3.12172000e+05
   5.78705000e+05],,,,,,,
0,81,23976,,,,,,,,,,,,,[  2.73763078e+08   3.75946600e+06   2.08695000e+05   3.05746800e+06
   1.25792100e+07   2.91754000e+05   2.11487000e+05   2.59850000e+05
   5.92912000e+05],,,,,,,
0,82,24272,,,,,,,,,,,,,[  2.72818175e+08   4.67248700e+06   2.40577000e+05   2.60341100e+06
   1.31445700e+07   1.80451000e+05   1.62230000e+05   3.47254000e+05
   5.54765000e+05],,,,,,,
0,83,24568,,,,,,,,,,,,,[  2.72980994e+08   4.45111900e+06   2.99126000e+05   2.60154700e+06
   1.30974990e+07   2.29386000e+05   1.54533000e+05   3.08167000e+05
   6.01549000e+05],,,,,,,
0,84,24864,,,,,,,,,,,,,[  2.73358456e+08   4.09541700e+06   2.77366000e+05   2.90289400e+06
   1.27603270e+07   2.65211000e+05   1.79724000e+05   2.68839000e+05
   6.15686000e+05],,,,,,,
0,85,25160,,,,,,,,,,,,,[  2.74630566e+08   2.93791500e+06   1.62758000e+05   3.43534300e+06
   1.22909440e+07   2.02145000e+05   2.16367000e+05   3.03888000e+05
   5.43994000e+05],,,,,,,
0,86,25456,,,,,,,,,,,,,[  2.74159559e+08   3.38216600e+06   1.89514000e+05   3.19978700e+06
   1.25364170e+07   1.92228000e+05   2.06178000e+05   3.03171000e+05
   5.54900000e+05],,,,,,,
0,87,25752,,,,,,,,,,,,,[  2.74357287e+08   3.11672700e+06   2.57225000e+05   3.25212600e+06
   1.24040640e+07   2.72242000e+05   1.97281000e+05   2.52404000e+05
   6.14564000e+05],,,,,,,
0,88,26048,,,,,,,,,,,,,[  2.73841878e+08   3.67513600e+06   2.14225000e+05   2.93607000e+06
   1.27891500e+07   2.03212000e+05   1.93310000e+05   2.99404000e+05
   5.71535000e+05],,,,,,,
0,89,26344,,,,,,,,,,,,,[  2.74448979e+08   3.04754600e+06   2.34714000e+05   3.25672700e+06
   1.24404930e+07   2.31212000e+05   1.81130000e+05   2.85755000e+05
   5.97364000e+05],,,,,,,
0,90,26640,,,,,,,,,,,,,[  2.73288661e+08   4.20445700e+06   2.38121000e+05   2.69461800e+06
   1.30596920e+07   1.74122000e+05   1.64133000e+05   3.31595000e+05
   5.68521000e+05],,,,,,,
0,91,26936,,,,,,,,,,,,,[  2.74038454e+08   3.50116800e+06   1.91617000e+05   3.03545200e+06
   1.27458420e+07   1.47138000e+05   1.94755000e+05   3.52868000e+05
   5.16626000e+05],,,,,,,
0,92,27232,,,,,,,,,,,,,[  2.73812747e+08   3.68255600e+06   2.35936000e+05   3.06228300e+06
   1.26123320e+07   2.53817000e+05   1.91132000e+05   2.58886000e+05
   6.14231000e+05],,,,,,,
0,93,27528,,,,,,,,,,,,,[  2.74295591e+08   3.18332100e+06   2.52327000e+05   3.27170100e+06
   1.24430650e+07   2.13666000e+05   1.73287000e+05   2.89595000e+05
   6.01367000e+05],,,,,,,
0,94,27824,,,,,,,,,,,,,[  2.73576158e+08   3.91518200e+06   2.39899000e+05   2.84872200e+06
   1.28321430e+07   2.47567000e+05   1.86009000e+05   2.66328000e+05
   6.11912000e+05],,,,,,,
0,95,28120,,,,,,,,,,,,,[  2.70366584e+08   6.89902900e+06   4.65626000e+05   1.98070900e+06
   1.37201970e+07   2.27526000e+05   1.01263000e+05   3.19514000e+05
   6.43472000e+05],,,,,,,
0,96,28416,,,,,,,,,,,,,[  2.70821226e+08   6.48571500e+06   4.24298000e+05   2.02310300e+06
   1.36912410e+07   2.14088000e+05   9.78870000e+04   3.31501000e+05
   6.34861000e+05],,,,,,,
0,97,28712,,,,,,,,,,,,,[  2.72874759e+08   4.62233300e+06   2.34147000e+05   2.96314000e+06
   1.27191350e+07   2.46157000e+05   1.94318000e+05   2.58051000e+05
   6.11880000e+05],,,,,,,
0,98,29008,,,,,,,,,,,,,[  2.73139533e+08   4.23701100e+06   3.54695000e+05   2.63362900e+06
   1.29930960e+07   3.01707000e+05   1.46947000e+05   2.34329000e+05
   6.82973000e+05],,,,,,,
0,99,29304,,,,,,,,,,,,,[  2.73193025e+08   4.20642700e+06   3.31787000e+05   2.67970200e+06
   1.29716510e+07   2.77079000e+05   1.61978000e+05   2.40965000e+05
   6.61306000e+05],,,,,,,
0,100,29600,,,,,,,,,,,,,[  2.74451379e+08   3.02076700e+06   2.59093000e+05   3.29548800e+06
   1.23789890e+07   2.53955000e+05   1.83183000e+05   2.48807000e+05
   6.32259000e+05],,,,,,,
